timestamp,date,hour,minute,weekday,department,waiting_count,avg_wait_time,state,queue_number,priority,congestion_level
2025-08-31T23:00:00+00:00,2025-08-31,23,0,6,내과,1,11.0,mixed,0,normal,0.05
2025-08-31T23:00:00+00:00,2025-08-31,23,0,6,심장내과,1,7.0,mixed,0,normal,0.05
2025-08-31T23:15:00+00:00,2025-08-31,23,15,6,정형외과,1,7.0,mixed,0,normal,0.05
2025-08-31T23:20:00+00:00,2025-08-31,23,20,6,내과,0,0.0,mixed,0,normal,0.0
2025-08-31T23:35:00+00:00,2025-08-31,23,35,6,내과,0,0.0,mixed,0,normal,0.0
2025-08-31T23:40:00+00:00,2025-08-31,23,40,6,내과,1,9.0,mixed,0,normal,0.05
2025-08-31T23:50:00+00:00,2025-08-31,23,50,6,영상의학과,1,5.0,mixed,0,normal,0.05
2025-08-31T23:55:00+00:00,2025-08-31,23,55,6,X-ray실,1,5.0,mixed,0,normal,0.05
2025-09-01T00:15:00+00:00,2025-09-01,0,15,0,X-ray실,1,8.0,mixed,0,normal,0.05
2025-09-01T00:20:00+00:00,2025-09-01,0,20,0,내과,1,30.0,mixed,0,normal,0.05
2025-09-01T00:45:00+00:00,2025-09-01,0,45,0,내과,1,31.0,mixed,0,normal,0.05
2025-09-01T00:45:00+00:00,2025-09-01,0,45,0,영상의학과,1,18.0,mixed,0,normal,0.05
2025-09-01T00:50:00+00:00,2025-09-01,0,50,0,내과,2,26.5,mixed,0,normal,0.1
2025-09-01T00:55:00+00:00,2025-09-01,0,55,0,내과,1,25.0,mixed,0,normal,0.05
2025-09-01T01:05:00+00:00,2025-09-01,1,5,0,CT실,1,33.0,mixed,0,normal,0.05
2025-09-01T01:15:00+00:00,2025-09-01,1,15,0,MRI실,1,37.0,mixed,0,normal,0.05
2025-09-01T01:15:00+00:00,2025-09-01,1,15,0,영상의학과,0,0.0,mixed,0,normal,0.0
2025-09-01T01:20:00+00:00,2025-09-01,1,20,0,심장내과,1,32.0,mixed,0,normal,0.05
2025-09-01T01:25:00+00:00,2025-09-01,1,25,0,영상의학과,1,23.0,mixed,0,normal,0.05
2025-09-01T01:30:00+00:00,2025-09-01,1,30,0,CT실,1,29.0,mixed,0,normal,0.05
2025-09-01T01:30:00+00:00,2025-09-01,1,30,0,X-ray실,1,8.0,mixed,0,normal,0.05
2025-09-01T01:40:00+00:00,2025-09-01,1,40,0,MRI실,1,38.0,mixed,0,normal,0.05
2025-09-01T01:40:00+00:00,2025-09-01,1,40,0,정형외과,1,26.0,mixed,0,normal,0.05
2025-09-01T01:45:00+00:00,2025-09-01,1,45,0,정형외과,0,0.0,mixed,0,normal,0.0
2025-09-01T01:50:00+00:00,2025-09-01,1,50,0,정형외과,0,0.0,mixed,0,normal,0.0
2025-09-01T02:00:00+00:00,2025-09-01,2,0,0,영상의학과,0,0.0,mixed,0,normal,0.0
2025-09-01T02:10:00+00:00,2025-09-01,2,10,0,CT실,0,0.0,mixed,0,normal,0.0
2025-09-01T02:10:00+00:00,2025-09-01,2,10,0,영상의학과,1,15.0,mixed,0,normal,0.05
2025-09-01T02:15:00+00:00,2025-09-01,2,15,0,내과,0,0.0,mixed,0,normal,0.0
2025-09-01T02:20:00+00:00,2025-09-01,2,20,0,X-ray실,1,10.0,mixed,0,normal,0.05
2025-09-01T02:25:00+00:00,2025-09-01,2,25,0,X-ray실,1,8.0,mixed,0,normal,0.05
2025-09-01T02:35:00+00:00,2025-09-01,2,35,0,정형외과,1,23.0,mixed,0,normal,0.05
2025-09-01T02:50:00+00:00,2025-09-01,2,50,0,내과,0,0.0,mixed,0,normal,0.0
2025-09-01T02:50:00+00:00,2025-09-01,2,50,0,진단검사의학과,0,0.0,mixed,0,normal,0.0
2025-09-01T03:30:00+00:00,2025-09-01,3,30,0,정형외과,1,11.0,mixed,0,normal,0.05
2025-09-01T03:35:00+00:00,2025-09-01,3,35,0,내과,0,0.0,mixed,0,normal,0.0
2025-09-01T04:05:00+00:00,2025-09-01,4,5,0,MRI실,1,21.0,mixed,0,normal,0.05
2025-09-01T04:10:00+00:00,2025-09-01,4,10,0,X-ray실,1,5.0,mixed,0,normal,0.05
2025-09-01T04:30:00+00:00,2025-09-01,4,30,0,CT실,0,0.0,mixed,0,normal,0.0
2025-09-01T05:00:00+00:00,2025-09-01,5,0,0,내과,1,29.0,mixed,0,normal,0.05
2025-09-01T05:00:00+00:00,2025-09-01,5,0,0,영상의학과,0,0.0,mixed,0,normal,0.0
2025-09-01T05:10:00+00:00,2025-09-01,5,10,0,영상의학과,1,20.0,mixed,0,normal,0.05
2025-09-01T05:15:00+00:00,2025-09-01,5,15,0,CT실,0,0.0,mixed,0,normal,0.0
2025-09-01T05:15:00+00:00,2025-09-01,5,15,0,정형외과,0,0.0,mixed,0,normal,0.0
2025-09-01T05:20:00+00:00,2025-09-01,5,20,0,내과,1,28.0,mixed,0,normal,0.05
2025-09-01T05:20:00+00:00,2025-09-01,5,20,0,영상의학과,0,0.0,mixed,0,normal,0.0
2025-09-01T05:35:00+00:00,2025-09-01,5,35,0,내과,0,0.0,mixed,0,normal,0.0
2025-09-01T05:35:00+00:00,2025-09-01,5,35,0,정형외과,2,22.5,mixed,0,normal,0.1
2025-09-01T05:45:00+00:00,2025-09-01,5,45,0,진단검사의학과,0,0.0,mixed,0,normal,0.0
2025-09-01T06:00:00+00:00,2025-09-01,6,0,0,내과,1,32.0,mixed,0,normal,0.05
2025-09-01T06:05:00+00:00,2025-09-01,6,5,0,진단검사의학과,0,0.0,mixed,0,normal,0.0
2025-09-01T06:10:00+00:00,2025-09-01,6,10,0,정형외과,0,0.0,mixed,0,normal,0.0
2025-09-01T06:20:00+00:00,2025-09-01,6,20,0,내과,0,0.0,mixed,0,normal,0.0
2025-09-01T06:35:00+00:00,2025-09-01,6,35,0,진단검사의학과,0,0.0,mixed,0,normal,0.0
2025-09-01T06:55:00+00:00,2025-09-01,6,55,0,정형외과,1,21.0,mixed,0,normal,0.05
2025-09-01T07:05:00+00:00,2025-09-01,7,5,0,내과,1,21.0,mixed,0,normal,0.05
2025-09-01T07:20:00+00:00,2025-09-01,7,20,0,정형외과,1,17.0,mixed,0,normal,0.05
2025-09-01T07:25:00+00:00,2025-09-01,7,25,0,MRI실,0,0.0,mixed,0,normal,0.0
2025-09-01T07:30:00+00:00,2025-09-01,7,30,0,내과,0,0.0,mixed,0,normal,0.0
2025-09-01T08:25:00+00:00,2025-09-01,8,25,0,MRI실,1,13.0,mixed,0,normal,0.05
2025-09-01T08:25:00+00:00,2025-09-01,8,25,0,소아과,0,0.0,mixed,0,normal,0.0
2025-09-01T08:45:00+00:00,2025-09-01,8,45,0,정형외과,0,0.0,mixed,0,normal,0.0
2025-09-01T08:55:00+00:00,2025-09-01,8,55,0,내과,1,8.0,mixed,0,normal,0.05
2025-09-01T23:35:00+00:00,2025-09-01,23,35,0,내과,1,10.0,mixed,0,normal,0.05
2025-09-01T23:50:00+00:00,2025-09-01,23,50,0,영상의학과,1,6.0,mixed,0,normal,0.05
2025-09-01T23:55:00+00:00,2025-09-01,23,55,0,소아과,1,5.0,mixed,0,normal,0.05
2025-09-02T00:10:00+00:00,2025-09-02,0,10,1,내과,1,28.0,mixed,0,normal,0.05
2025-09-02T00:15:00+00:00,2025-09-02,0,15,1,내과,1,32.0,mixed,0,normal,0.05
2025-09-02T00:45:00+00:00,2025-09-02,0,45,1,정형외과,1,22.0,mixed,0,normal,0.05
2025-09-02T01:05:00+00:00,2025-09-02,1,5,1,MRI실,1,36.0,mixed,0,normal,0.05
2025-09-02T01:20:00+00:00,2025-09-02,1,20,1,영상의학과,1,17.0,mixed,0,normal,0.05
2025-09-02T01:20:00+00:00,2025-09-02,1,20,1,정형외과,1,28.0,mixed,0,normal,0.05
2025-09-02T01:30:00+00:00,2025-09-02,1,30,1,내과,1,35.0,mixed,0,normal,0.05
2025-09-02T01:50:00+00:00,2025-09-02,1,50,1,MRI실,1,42.0,mixed,0,normal,0.05
2025-09-02T02:00:00+00:00,2025-09-02,2,0,1,영상의학과,0,0.0,mixed,0,normal,0.0
2025-09-02T02:05:00+00:00,2025-09-02,2,5,1,CT실,1,24.0,mixed,0,normal,0.05
2025-09-02T02:05:00+00:00,2025-09-02,2,5,1,정형외과,1,26.0,mixed,0,normal,0.05
2025-09-02T02:10:00+00:00,2025-09-02,2,10,1,내과,1,28.0,mixed,0,normal,0.05
2025-09-02T02:15:00+00:00,2025-09-02,2,15,1,X-ray실,1,9.0,mixed,0,normal,0.05
2025-09-02T02:15:00+00:00,2025-09-02,2,15,1,내과,0,0.0,mixed,0,normal,0.0
2025-09-02T02:45:00+00:00,2025-09-02,2,45,1,정형외과,1,20.0,mixed,0,normal,0.05
2025-09-02T02:50:00+00:00,2025-09-02,2,50,1,X-ray실,1,10.0,mixed,0,normal,0.05
2025-09-02T03:00:00+00:00,2025-09-02,3,0,1,내과,1,18.0,mixed,0,normal,0.05
2025-09-02T03:10:00+00:00,2025-09-02,3,10,1,MRI실,1,20.0,mixed,0,normal,0.05
2025-09-02T03:20:00+00:00,2025-09-02,3,20,1,내과,1,16.0,mixed,0,normal,0.05
2025-09-02T03:25:00+00:00,2025-09-02,3,25,1,진단검사의학과,0,0.0,mixed,0,normal,0.0
2025-09-02T03:45:00+00:00,2025-09-02,3,45,1,정형외과,1,12.0,mixed,0,normal,0.05
2025-09-02T04:05:00+00:00,2025-09-02,4,5,1,정형외과,2,14.0,mixed,0,normal,0.1
2025-09-02T04:20:00+00:00,2025-09-02,4,20,1,내과,1,20.0,mixed,0,normal,0.05
2025-09-02T04:25:00+00:00,2025-09-02,4,25,1,정형외과,1,16.0,mixed,0,normal,0.05
2025-09-02T04:40:00+00:00,2025-09-02,4,40,1,심장내과,0,0.0,mixed,0,normal,0.0
2025-09-02T04:45:00+00:00,2025-09-02,4,45,1,영상의학과,1,11.0,mixed,0,normal,0.05
2025-09-02T05:00:00+00:00,2025-09-02,5,0,1,영상의학과,0,0.0,mixed,0,normal,0.0
2025-09-02T05:15:00+00:00,2025-09-02,5,15,1,내과,0,0.0,mixed,0,normal,0.0
2025-09-02T05:15:00+00:00,2025-09-02,5,15,1,영상의학과,1,14.0,mixed,0,normal,0.05
2025-09-02T05:15:00+00:00,2025-09-02,5,15,1,진단검사의학과,0,0.0,mixed,0,normal,0.0
2025-09-02T05:25:00+00:00,2025-09-02,5,25,1,MRI실,0,0.0,mixed,0,normal,0.0
2025-09-02T05:25:00+00:00,2025-09-02,5,25,1,내과,1,36.0,mixed,0,normal,0.05
2025-09-02T05:35:00+00:00,2025-09-02,5,35,1,CT실,1,25.0,mixed,0,normal,0.05
2025-09-02T05:40:00+00:00,2025-09-02,5,40,1,CT실,1,26.0,mixed,0,normal,0.05
2025-09-02T05:40:00+00:00,2025-09-02,5,40,1,정형외과,1,23.0,mixed,0,normal,0.05
2025-09-02T05:45:00+00:00,2025-09-02,5,45,1,내과,0,0.0,mixed,0,normal,0.0
2025-09-02T05:50:00+00:00,2025-09-02,5,50,1,정형외과,0,0.0,mixed,0,normal,0.0
2025-09-02T06:00:00+00:00,2025-09-02,6,0,1,영상의학과,0,0.0,mixed,0,normal,0.0
2025-09-02T06:10:00+00:00,2025-09-02,6,10,1,X-ray실,1,8.0,mixed,0,normal,0.05
2025-09-02T06:25:00+00:00,2025-09-02,6,25,1,X-ray실,0,0.0,mixed,0,normal,0.0
2025-09-02T06:35:00+00:00,2025-09-02,6,35,1,X-ray실,0,0.0,mixed,0,normal,0.0
2025-09-02T06:40:00+00:00,2025-09-02,6,40,1,내과,0,0.0,mixed,0,normal,0.0
2025-09-02T07:00:00+00:00,2025-09-02,7,0,1,진단검사의학과,1,9.0,mixed,0,normal,0.05
2025-09-02T07:10:00+00:00,2025-09-02,7,10,1,CT실,1,15.0,mixed,0,normal,0.05
2025-09-02T07:40:00+00:00,2025-09-02,7,40,1,내과,0,0.0,mixed,0,normal,0.0
2025-09-02T08:20:00+00:00,2025-09-02,8,20,1,심장내과,1,7.0,mixed,0,normal,0.05
2025-09-02T23:25:00+00:00,2025-09-02,23,25,1,정형외과,1,8.0,mixed,0,normal,0.05
2025-09-02T23:35:00+00:00,2025-09-02,23,35,1,내과,1,9.0,mixed,0,normal,0.05
2025-09-02T23:45:00+00:00,2025-09-02,23,45,1,정형외과,1,6.0,mixed,0,normal,0.05
2025-09-03T00:00:00+00:00,2025-09-03,0,0,2,MRI실,1,40.0,mixed,0,normal,0.05
2025-09-03T00:10:00+00:00,2025-09-03,0,10,2,내과,1,28.0,mixed,0,normal,0.05
2025-09-03T00:10:00+00:00,2025-09-03,0,10,2,영상의학과,1,14.0,mixed,0,normal,0.05
2025-09-03T00:15:00+00:00,2025-09-03,0,15,2,내과,1,27.0,mixed,0,normal,0.05
2025-09-03T00:20:00+00:00,2025-09-03,0,20,2,MRI실,1,29.0,mixed,0,normal,0.05
2025-09-03T00:50:00+00:00,2025-09-03,0,50,2,내과,1,28.0,mixed,0,normal,0.05
2025-09-03T01:00:00+00:00,2025-09-03,1,0,2,CT실,0,0.0,mixed,0,normal,0.0
2025-09-03T01:05:00+00:00,2025-09-03,1,5,2,내과,1,38.0,mixed,0,normal,0.05
2025-09-03T01:10:00+00:00,2025-09-03,1,10,2,정형외과,1,23.0,mixed,0,normal,0.05
2025-09-03T01:15:00+00:00,2025-09-03,1,15,2,진단검사의학과,1,14.0,mixed,0,normal,0.05
2025-09-03T01:20:00+00:00,2025-09-03,1,20,2,MRI실,0,0.0,mixed,0,normal,0.0
2025-09-03T01:20:00+00:00,2025-09-03,1,20,2,소아과,1,22.0,mixed,0,normal,0.05
2025-09-03T01:45:00+00:00,2025-09-03,1,45,2,X-ray실,2,9.5,mixed,0,normal,0.1
2025-09-03T01:45:00+00:00,2025-09-03,1,45,2,내과,1,39.0,mixed,0,normal,0.05
2025-09-03T01:55:00+00:00,2025-09-03,1,55,2,정형외과,1,27.0,mixed,0,normal,0.05
2025-09-03T02:00:00+00:00,2025-09-03,2,0,2,X-ray실,1,8.0,mixed,0,normal,0.05
2025-09-03T02:00:00+00:00,2025-09-03,2,0,2,영상의학과,1,17.0,mixed,0,normal,0.05
2025-09-03T02:00:00+00:00,2025-09-03,2,0,2,정형외과,0,0.0,mixed,0,normal,0.0
2025-09-03T02:10:00+00:00,2025-09-03,2,10,2,정형외과,1,24.0,mixed,0,normal,0.05
2025-09-03T02:15:00+00:00,2025-09-03,2,15,2,영상의학과,0,0.0,mixed,0,normal,0.0
2025-09-03T02:30:00+00:00,2025-09-03,2,30,2,내과,0,0.0,mixed,0,normal,0.0
2025-09-03T02:50:00+00:00,2025-09-03,2,50,2,내과,1,29.0,mixed,0,normal,0.05
2025-09-03T02:55:00+00:00,2025-09-03,2,55,2,영상의학과,0,0.0,mixed,0,normal,0.0
2025-09-03T03:05:00+00:00,2025-09-03,3,5,2,CT실,1,17.0,mixed,0,normal,0.05
2025-09-03T03:05:00+00:00,2025-09-03,3,5,2,영상의학과,0,0.0,mixed,0,normal,0.0
2025-09-03T03:05:00+00:00,2025-09-03,3,5,2,정형외과,1,11.0,mixed,0,normal,0.05
2025-09-03T04:05:00+00:00,2025-09-03,4,5,2,영상의학과,0,0.0,mixed,0,normal,0.0
2025-09-03T04:05:00+00:00,2025-09-03,4,5,2,정형외과,0,0.0,mixed,0,normal,0.0
2025-09-03T04:15:00+00:00,2025-09-03,4,15,2,진단검사의학과,0,0.0,mixed,0,normal,0.0
2025-09-03T05:05:00+00:00,2025-09-03,5,5,2,내과,0,0.0,mixed,0,normal,0.0
2025-09-03T05:05:00+00:00,2025-09-03,5,5,2,영상의학과,1,15.0,mixed,0,normal,0.05
2025-09-03T05:10:00+00:00,2025-09-03,5,10,2,내과,1,29.0,mixed,0,normal,0.05
2025-09-03T05:15:00+00:00,2025-09-03,5,15,2,X-ray실,0,0.0,mixed,0,normal,0.0
2025-09-03T05:15:00+00:00,2025-09-03,5,15,2,내과,0,0.0,mixed,0,normal,0.0
2025-09-03T05:20:00+00:00,2025-09-03,5,20,2,X-ray실,1,9.0,mixed,0,normal,0.05
2025-09-03T05:20:00+00:00,2025-09-03,5,20,2,정형외과,1,18.0,mixed,0,normal,0.05
2025-09-03T05:30:00+00:00,2025-09-03,5,30,2,MRI실,1,45.0,mixed,0,normal,0.05
2025-09-03T05:30:00+00:00,2025-09-03,5,30,2,정형외과,1,22.0,mixed,0,normal,0.05
2025-09-03T06:30:00+00:00,2025-09-03,6,30,2,내과,0,0.0,mixed,0,normal,0.0
2025-09-03T06:30:00+00:00,2025-09-03,6,30,2,심장내과,0,0.0,mixed,0,normal,0.0
2025-09-03T06:35:00+00:00,2025-09-03,6,35,2,CT실,1,24.0,mixed,0,normal,0.05
2025-09-03T06:50:00+00:00,2025-09-03,6,50,2,심장내과,1,22.0,mixed,0,normal,0.05
2025-09-03T07:05:00+00:00,2025-09-03,7,5,2,CT실,0,0.0,mixed,0,normal,0.0
2025-09-03T07:10:00+00:00,2025-09-03,7,10,2,내과,0,0.0,mixed,0,normal,0.0
2025-09-03T08:40:00+00:00,2025-09-03,8,40,2,진단검사의학과,0,0.0,mixed,0,normal,0.0
2025-09-03T23:05:00+00:00,2025-09-03,23,5,2,정형외과,1,8.0,mixed,0,normal,0.05
2025-09-03T23:45:00+00:00,2025-09-03,23,45,2,정형외과,1,7.0,mixed,0,normal,0.05
2025-09-03T23:50:00+00:00,2025-09-03,23,50,2,영상의학과,1,6.0,mixed,0,normal,0.05
2025-09-03T23:55:00+00:00,2025-09-03,23,55,2,내과,1,11.0,mixed,0,normal,0.05
2025-09-04T00:00:00+00:00,2025-09-04,0,0,3,정형외과,1,16.0,mixed,0,normal,0.05
2025-09-04T00:05:00+00:00,2025-09-04,0,5,3,X-ray실,1,7.0,mixed,0,normal,0.05
2025-09-04T00:30:00+00:00,2025-09-04,0,30,3,CT실,1,23.0,mixed,0,normal,0.05
2025-09-04T00:30:00+00:00,2025-09-04,0,30,3,내과,1,29.0,mixed,0,normal,0.05
2025-09-04T00:45:00+00:00,2025-09-04,0,45,3,내과,1,30.0,mixed,0,normal,0.05
2025-09-04T00:55:00+00:00,2025-09-04,0,55,3,영상의학과,1,17.0,mixed,0,normal,0.05
2025-09-04T00:55:00+00:00,2025-09-04,0,55,3,정형외과,1,19.0,mixed,0,normal,0.05
2025-09-04T01:25:00+00:00,2025-09-04,1,25,3,CT실,1,34.0,mixed,0,normal,0.05
2025-09-04T01:25:00+00:00,2025-09-04,1,25,3,내과,1,37.0,mixed,0,normal,0.05
2025-09-04T01:25:00+00:00,2025-09-04,1,25,3,영상의학과,1,22.0,mixed,0,normal,0.05
2025-09-04T01:50:00+00:00,2025-09-04,1,50,3,내과,1,41.0,mixed,0,normal,0.05
2025-09-04T01:50:00+00:00,2025-09-04,1,50,3,정형외과,1,29.0,mixed,0,normal,0.05
2025-09-04T02:05:00+00:00,2025-09-04,2,5,3,CT실,1,31.0,mixed,0,normal,0.05
2025-09-04T02:05:00+00:00,2025-09-04,2,5,3,X-ray실,0,0.0,mixed,0,normal,0.0
2025-09-04T02:05:00+00:00,2025-09-04,2,5,3,심장내과,0,0.0,mixed,0,normal,0.0
2025-09-04T02:10:00+00:00,2025-09-04,2,10,3,MRI실,0,0.0,mixed,0,normal,0.0
2025-09-04T02:10:00+00:00,2025-09-04,2,10,3,영상의학과,1,16.0,mixed,0,normal,0.05
2025-09-04T02:15:00+00:00,2025-09-04,2,15,3,정형외과,1,18.0,mixed,0,normal,0.05
2025-09-04T02:20:00+00:00,2025-09-04,2,20,3,영상의학과,1,16.0,mixed,0,normal,0.05
2025-09-04T02:25:00+00:00,2025-09-04,2,25,3,내과,1,25.0,mixed,0,normal,0.05
2025-09-04T02:25:00+00:00,2025-09-04,2,25,3,정형외과,1,23.0,mixed,0,normal,0.05
2025-09-04T02:40:00+00:00,2025-09-04,2,40,3,X-ray실,1,8.0,mixed,0,normal,0.05
2025-09-04T02:45:00+00:00,2025-09-04,2,45,3,내과,1,32.0,mixed,0,normal,0.05
2025-09-04T02:55:00+00:00,2025-09-04,2,55,3,영상의학과,1,19.0,mixed,0,normal,0.05
2025-09-04T02:55:00+00:00,2025-09-04,2,55,3,진단검사의학과,0,0.0,mixed,0,normal,0.0
2025-09-04T03:15:00+00:00,2025-09-04,3,15,3,내과,1,16.0,mixed,0,normal,0.05
2025-09-04T03:30:00+00:00,2025-09-04,3,30,3,내과,0,0.0,mixed,0,normal,0.0
2025-09-04T03:35:00+00:00,2025-09-04,3,35,3,진단검사의학과,1,7.0,mixed,0,normal,0.05
2025-09-04T03:50:00+00:00,2025-09-04,3,50,3,내과,1,19.0,mixed,0,normal,0.05
2025-09-04T04:05:00+00:00,2025-09-04,4,5,3,X-ray실,1,5.0,mixed,0,normal,0.05
2025-09-04T04:10:00+00:00,2025-09-04,4,10,3,CT실,1,17.0,mixed,0,normal,0.05
2025-09-04T04:20:00+00:00,2025-09-04,4,20,3,정형외과,0,0.0,mixed,0,normal,0.0
2025-09-04T04:25:00+00:00,2025-09-04,4,25,3,영상의학과,1,9.0,mixed,0,normal,0.05
2025-09-04T04:35:00+00:00,2025-09-04,4,35,3,내과,1,23.0,mixed,0,normal,0.05
2025-09-04T04:40:00+00:00,2025-09-04,4,40,3,MRI실,1,22.0,mixed,0,normal,0.05
2025-09-04T05:05:00+00:00,2025-09-04,5,5,3,MRI실,1,46.0,mixed,0,normal,0.05
2025-09-04T05:25:00+00:00,2025-09-04,5,25,3,내과,1,36.0,mixed,0,normal,0.05
2025-09-04T05:30:00+00:00,2025-09-04,5,30,3,내과,1,37.0,mixed,0,normal,0.05
2025-09-04T05:30:00+00:00,2025-09-04,5,30,3,정형외과,0,0.0,mixed,0,normal,0.0
2025-09-04T06:20:00+00:00,2025-09-04,6,20,3,소아과,0,0.0,mixed,0,normal,0.0
2025-09-04T06:20:00+00:00,2025-09-04,6,20,3,진단검사의학과,1,11.0,mixed,0,normal,0.05
2025-09-04T06:40:00+00:00,2025-09-04,6,40,3,내과,0,0.0,mixed,0,normal,0.0
2025-09-04T06:45:00+00:00,2025-09-04,6,45,3,MRI실,1,40.0,mixed,0,normal,0.05
2025-09-04T06:45:00+00:00,2025-09-04,6,45,3,정형외과,0,0.0,mixed,0,normal,0.0
2025-09-04T06:50:00+00:00,2025-09-04,6,50,3,X-ray실,1,7.0,mixed,0,normal,0.05
2025-09-04T06:55:00+00:00,2025-09-04,6,55,3,정형외과,0,0.0,mixed,0,normal,0.0
2025-09-04T07:35:00+00:00,2025-09-04,7,35,3,내과,0,0.0,mixed,0,normal,0.0
2025-09-04T08:15:00+00:00,2025-09-04,8,15,3,내과,0,0.0,mixed,0,normal,0.0
2025-09-04T08:30:00+00:00,2025-09-04,8,30,3,영상의학과,0,0.0,mixed,0,normal,0.0
2025-09-04T08:55:00+00:00,2025-09-04,8,55,3,심장내과,0,0.0,mixed,0,normal,0.0
2025-09-04T23:25:00+00:00,2025-09-04,23,25,3,내과,0,0.0,mixed,0,normal,0.0
2025-09-04T23:25:00+00:00,2025-09-04,23,25,3,정형외과,1,7.0,mixed,0,normal,0.05
2025-09-05T00:25:00+00:00,2025-09-05,0,25,4,내과,1,26.0,mixed,0,normal,0.05
2025-09-05T00:25:00+00:00,2025-09-05,0,25,4,영상의학과,1,16.0,mixed,0,normal,0.05
2025-09-05T00:35:00+00:00,2025-09-05,0,35,4,내과,2,25.5,mixed,0,normal,0.1
2025-09-05T00:55:00+00:00,2025-09-05,0,55,4,정형외과,1,21.0,mixed,0,normal,0.05
2025-09-05T01:05:00+00:00,2025-09-05,1,5,4,내과,1,28.0,mixed,0,normal,0.05
2025-09-05T01:45:00+00:00,2025-09-05,1,45,4,정형외과,1,21.0,mixed,0,normal,0.05
2025-09-05T01:55:00+00:00,2025-09-05,1,55,4,영상의학과,0,0.0,mixed,0,normal,0.0
2025-09-05T02:05:00+00:00,2025-09-05,2,5,4,진단검사의학과,1,14.0,mixed,0,normal,0.05
2025-09-05T02:10:00+00:00,2025-09-05,2,10,4,정형외과,1,26.0,mixed,0,normal,0.05
2025-09-05T02:20:00+00:00,2025-09-05,2,20,4,정형외과,1,24.0,mixed,0,normal,0.05
2025-09-05T02:50:00+00:00,2025-09-05,2,50,4,정형외과,0,0.0,mixed,0,normal,0.0
2025-09-05T02:55:00+00:00,2025-09-05,2,55,4,MRI실,0,0.0,mixed,0,normal,0.0
2025-09-05T03:45:00+00:00,2025-09-05,3,45,4,X-ray실,1,5.0,mixed,0,normal,0.05
2025-09-05T03:50:00+00:00,2025-09-05,3,50,4,정형외과,0,0.0,mixed,0,normal,0.0
2025-09-05T04:15:00+00:00,2025-09-05,4,15,4,MRI실,0,0.0,mixed,0,normal,0.0
2025-09-05T04:45:00+00:00,2025-09-05,4,45,4,진단검사의학과,1,8.0,mixed,0,normal,0.05
2025-09-05T05:00:00+00:00,2025-09-05,5,0,4,내과,0,0.0,mixed,0,normal,0.0
2025-09-05T05:05:00+00:00,2025-09-05,5,5,4,내과,0,0.0,mixed,0,normal,0.0
2025-09-05T05:10:00+00:00,2025-09-05,5,10,4,CT실,1,24.0,mixed,0,normal,0.05
2025-09-05T05:20:00+00:00,2025-09-05,5,20,4,내과,0,0.0,mixed,0,normal,0.0
2025-09-05T05:35:00+00:00,2025-09-05,5,35,4,내과,0,0.0,mixed,0,normal,0.0
2025-09-05T05:45:00+00:00,2025-09-05,5,45,4,내과,0,0.0,mixed,0,normal,0.0
2025-09-05T05:45:00+00:00,2025-09-05,5,45,4,심장내과,0,0.0,mixed,0,normal,0.0
2025-09-05T05:50:00+00:00,2025-09-05,5,50,4,영상의학과,1,16.0,mixed,0,normal,0.05
2025-09-05T06:25:00+00:00,2025-09-05,6,25,4,진단검사의학과,0,0.0,mixed,0,normal,0.0
2025-09-05T06:30:00+00:00,2025-09-05,6,30,4,X-ray실,0,0.0,mixed,0,normal,0.0
2025-09-05T06:30:00+00:00,2025-09-05,6,30,4,내과,1,27.0,mixed,0,normal,0.05
2025-09-05T06:30:00+00:00,2025-09-05,6,30,4,영상의학과,1,17.0,mixed,0,normal,0.05
2025-09-05T06:35:00+00:00,2025-09-05,6,35,4,내과,0,0.0,mixed,0,normal,0.0
2025-09-05T07:00:00+00:00,2025-09-05,7,0,4,X-ray실,1,5.0,mixed,0,normal,0.05
2025-09-05T07:05:00+00:00,2025-09-05,7,5,4,CT실,0,0.0,mixed,0,normal,0.0
2025-09-05T07:05:00+00:00,2025-09-05,7,5,4,MRI실,1,27.0,mixed,0,normal,0.05
2025-09-05T07:05:00+00:00,2025-09-05,7,5,4,내과,1,21.0,mixed,0,normal,0.05
2025-09-05T07:10:00+00:00,2025-09-05,7,10,4,내과,0,0.0,mixed,0,normal,0.0
2025-09-05T07:30:00+00:00,2025-09-05,7,30,4,내과,0,0.0,mixed,0,normal,0.0
2025-09-05T07:40:00+00:00,2025-09-05,7,40,4,영상의학과,1,11.0,mixed,0,normal,0.05
2025-09-05T07:45:00+00:00,2025-09-05,7,45,4,정형외과,0,0.0,mixed,0,normal,0.0
2025-09-05T07:50:00+00:00,2025-09-05,7,50,4,X-ray실,0,0.0,mixed,0,normal,0.0
2025-09-05T07:55:00+00:00,2025-09-05,7,55,4,정형외과,0,0.0,mixed,0,normal,0.0
2025-09-05T08:50:00+00:00,2025-09-05,8,50,4,CT실,0,0.0,mixed,0,normal,0.0
2025-09-05T23:00:00+00:00,2025-09-05,23,0,4,CT실,1,9.0,mixed,0,normal,0.05
2025-09-05T23:10:00+00:00,2025-09-05,23,10,4,내과,1,10.0,mixed,0,normal,0.05
2025-09-06T00:05:00+00:00,2025-09-06,0,5,5,MRI실,1,35.0,mixed,0,normal,0.05
2025-09-06T00:40:00+00:00,2025-09-06,0,40,5,내과,1,32.0,mixed,0,normal,0.05
2025-09-06T01:15:00+00:00,2025-09-06,1,15,5,X-ray실,0,0.0,mixed,0,normal,0.0
2025-09-06T01:15:00+00:00,2025-09-06,1,15,5,영상의학과,0,0.0,mixed,0,normal,0.0
2025-09-06T01:15:00+00:00,2025-09-06,1,15,5,정형외과,1,27.0,mixed,0,normal,0.05
2025-09-06T01:50:00+00:00,2025-09-06,1,50,5,내과,1,33.0,mixed,0,normal,0.05
2025-09-06T02:05:00+00:00,2025-09-06,2,5,5,X-ray실,0,0.0,mixed,0,normal,0.0
2025-09-06T02:05:00+00:00,2025-09-06,2,5,5,내과,0,0.0,mixed,0,normal,0.0
2025-09-06T02:15:00+00:00,2025-09-06,2,15,5,내과,0,0.0,mixed,0,normal,0.0
2025-09-06T02:15:00+00:00,2025-09-06,2,15,5,정형외과,1,26.0,mixed,0,normal,0.05
2025-09-06T02:45:00+00:00,2025-09-06,2,45,5,영상의학과,1,18.0,mixed,0,normal,0.05
2025-09-06T03:05:00+00:00,2025-09-06,3,5,5,정형외과,0,0.0,mixed,0,normal,0.0
2025-09-06T03:45:00+00:00,2025-09-06,3,45,5,내과,1,14.0,mixed,0,normal,0.05
2025-09-06T03:45:00+00:00,2025-09-06,3,45,5,영상의학과,1,9.0,mixed,0,normal,0.05
2025-09-06T04:15:00+00:00,2025-09-06,4,15,5,정형외과,0,0.0,mixed,0,normal,0.0
2025-09-06T04:50:00+00:00,2025-09-06,4,50,5,내과,1,21.0,mixed,0,normal,0.05
2025-09-06T05:00:00+00:00,2025-09-06,5,0,5,내과,0,0.0,mixed,0,normal,0.0
2025-09-06T05:20:00+00:00,2025-09-06,5,20,5,내과,0,0.0,mixed,0,normal,0.0
2025-09-06T05:55:00+00:00,2025-09-06,5,55,5,X-ray실,1,8.0,mixed,0,normal,0.05
2025-09-06T06:05:00+00:00,2025-09-06,6,5,5,심장내과,1,25.0,mixed,0,normal,0.05
2025-09-06T06:25:00+00:00,2025-09-06,6,25,5,내과,0,0.0,mixed,0,normal,0.0
2025-09-06T06:40:00+00:00,2025-09-06,6,40,5,CT실,1,21.0,mixed,0,normal,0.05
2025-09-06T06:50:00+00:00,2025-09-06,6,50,5,MRI실,0,0.0,mixed,0,normal,0.0
2025-09-06T07:20:00+00:00,2025-09-06,7,20,5,진단검사의학과,1,9.0,mixed,0,normal,0.05
2025-09-06T07:35:00+00:00,2025-09-06,7,35,5,영상의학과,0,0.0,mixed,0,normal,0.0
2025-09-06T08:20:00+00:00,2025-09-06,8,20,5,정형외과,1,6.0,mixed,0,normal,0.05
2025-09-06T08:55:00+00:00,2025-09-06,8,55,5,정형외과,0,0.0,mixed,0,normal,0.0
2025-09-07T23:30:00+00:00,2025-09-07,23,30,6,정형외과,1,8.0,mixed,0,normal,0.05
2025-09-08T00:15:00+00:00,2025-09-08,0,15,0,정형외과,2,19.5,mixed,0,normal,0.1
2025-09-08T00:20:00+00:00,2025-09-08,0,20,0,MRI실,1,33.0,mixed,0,normal,0.05
2025-09-08T00:35:00+00:00,2025-09-08,0,35,0,영상의학과,1,18.0,mixed,0,normal,0.05
2025-09-08T00:50:00+00:00,2025-09-08,0,50,0,심장내과,1,28.0,mixed,0,normal,0.05
2025-09-08T00:55:00+00:00,2025-09-08,0,55,0,MRI실,1,30.0,mixed,0,normal,0.05
2025-09-08T00:55:00+00:00,2025-09-08,0,55,0,정형외과,1,22.0,mixed,0,normal,0.05
2025-09-08T01:00:00+00:00,2025-09-08,1,0,0,내과,0,0.0,mixed,0,normal,0.0
2025-09-08T01:00:00+00:00,2025-09-08,1,0,0,정형외과,1,21.0,mixed,0,normal,0.05
2025-09-08T01:05:00+00:00,2025-09-08,1,5,0,정형외과,0,0.0,mixed,0,normal,0.0
2025-09-08T01:10:00+00:00,2025-09-08,1,10,0,진단검사의학과,1,12.0,mixed,0,normal,0.05
2025-09-08T01:20:00+00:00,2025-09-08,1,20,0,정형외과,0,0.0,mixed,0,normal,0.0
2025-09-08T01:40:00+00:00,2025-09-08,1,40,0,내과,2,39.0,mixed,0,normal,0.1
2025-09-08T01:45:00+00:00,2025-09-08,1,45,0,영상의학과,0,0.0,mixed,0,normal,0.0
2025-09-08T01:50:00+00:00,2025-09-08,1,50,0,영상의학과,1,20.0,mixed,0,normal,0.05
2025-09-08T02:10:00+00:00,2025-09-08,2,10,0,내과,1,26.0,mixed,0,normal,0.05
2025-09-08T02:20:00+00:00,2025-09-08,2,20,0,내과,0,0.0,mixed,0,normal,0.0
2025-09-08T02:25:00+00:00,2025-09-08,2,25,0,내과,1,30.0,mixed,0,normal,0.05
2025-09-08T02:30:00+00:00,2025-09-08,2,30,0,내과,1,36.0,mixed,0,normal,0.05
2025-09-08T02:35:00+00:00,2025-09-08,2,35,0,내과,1,26.0,mixed,0,normal,0.05
2025-09-08T02:55:00+00:00,2025-09-08,2,55,0,내과,1,28.0,mixed,0,normal,0.05
2025-09-08T03:15:00+00:00,2025-09-08,3,15,0,심장내과,1,16.0,mixed,0,normal,0.05
2025-09-08T03:20:00+00:00,2025-09-08,3,20,0,영상의학과,1,8.0,mixed,0,normal,0.05
2025-09-08T03:40:00+00:00,2025-09-08,3,40,0,내과,1,17.0,mixed,0,normal,0.05
2025-09-08T03:50:00+00:00,2025-09-08,3,50,0,소아과,0,0.0,mixed,0,normal,0.0
2025-09-08T03:50:00+00:00,2025-09-08,3,50,0,진단검사의학과,1,8.0,mixed,0,normal,0.05
2025-09-08T04:00:00+00:00,2025-09-08,4,0,0,MRI실,0,0.0,mixed,0,normal,0.0
2025-09-08T04:00:00+00:00,2025-09-08,4,0,0,X-ray실,1,6.0,mixed,0,normal,0.05
2025-09-08T04:30:00+00:00,2025-09-08,4,30,0,내과,1,22.0,mixed,0,normal,0.05
2025-09-08T04:35:00+00:00,2025-09-08,4,35,0,내과,1,24.0,mixed,0,normal,0.05
2025-09-08T04:40:00+00:00,2025-09-08,4,40,0,내과,1,18.0,mixed,0,normal,0.05
2025-09-08T04:40:00+00:00,2025-09-08,4,40,0,정형외과,0,0.0,mixed,0,normal,0.0
2025-09-08T04:45:00+00:00,2025-09-08,4,45,0,정형외과,1,15.0,mixed,0,normal,0.05
2025-09-08T04:50:00+00:00,2025-09-08,4,50,0,X-ray실,0,0.0,mixed,0,normal,0.0
2025-09-08T04:55:00+00:00,2025-09-08,4,55,0,내과,1,24.0,mixed,0,normal,0.05
2025-09-08T05:00:00+00:00,2025-09-08,5,0,0,CT실,0,0.0,mixed,0,normal,0.0
2025-09-08T05:10:00+00:00,2025-09-08,5,10,0,내과,0,0.0,mixed,0,normal,0.0
2025-09-08T05:10:00+00:00,2025-09-08,5,10,0,영상의학과,1,15.0,mixed,0,normal,0.05
2025-09-08T05:15:00+00:00,2025-09-08,5,15,0,X-ray실,0,0.0,mixed,0,normal,0.0
2025-09-08T05:15:00+00:00,2025-09-08,5,15,0,내과,0,0.0,mixed,0,normal,0.0
2025-09-08T05:15:00+00:00,2025-09-08,5,15,0,진단검사의학과,0,0.0,mixed,0,normal,0.0
2025-09-08T05:25:00+00:00,2025-09-08,5,25,0,CT실,1,24.0,mixed,0,normal,0.05
2025-09-08T05:25:00+00:00,2025-09-08,5,25,0,정형외과,0,0.0,mixed,0,normal,0.0
2025-09-08T05:30:00+00:00,2025-09-08,5,30,0,CT실,1,24.0,mixed,0,normal,0.05
2025-09-08T05:35:00+00:00,2025-09-08,5,35,0,영상의학과,0,0.0,mixed,0,normal,0.0
2025-09-08T05:35:00+00:00,2025-09-08,5,35,0,정형외과,1,24.0,mixed,0,normal,0.05
2025-09-08T05:55:00+00:00,2025-09-08,5,55,0,정형외과,1,25.0,mixed,0,normal,0.05
2025-09-08T06:00:00+00:00,2025-09-08,6,0,0,CT실,1,20.0,mixed,0,normal,0.05
2025-09-08T06:10:00+00:00,2025-09-08,6,10,0,내과,1,32.0,mixed,0,normal,0.05
2025-09-08T06:45:00+00:00,2025-09-08,6,45,0,CT실,1,20.0,mixed,0,normal,0.05
2025-09-08T06:50:00+00:00,2025-09-08,6,50,0,정형외과,1,16.0,mixed,0,normal,0.05
2025-09-08T06:55:00+00:00,2025-09-08,6,55,0,X-ray실,1,6.0,mixed,0,normal,0.05
2025-09-08T07:00:00+00:00,2025-09-08,7,0,0,내과,1,24.0,mixed,0,normal,0.05
2025-09-08T07:30:00+00:00,2025-09-08,7,30,0,진단검사의학과,0,0.0,mixed,0,normal,0.0
2025-09-08T07:40:00+00:00,2025-09-08,7,40,0,내과,0,0.0,mixed,0,normal,0.0
2025-09-08T08:00:00+00:00,2025-09-08,8,0,0,X-ray실,0,0.0,mixed,0,normal,0.0
2025-09-08T08:15:00+00:00,2025-09-08,8,15,0,내과,0,0.0,mixed,0,normal,0.0
2025-09-08T08:20:00+00:00,2025-09-08,8,20,0,MRI실,1,11.0,mixed,0,normal,0.05
2025-09-08T08:25:00+00:00,2025-09-08,8,25,0,X-ray실,1,5.0,mixed,0,normal,0.05
2025-09-08T08:45:00+00:00,2025-09-08,8,45,0,영상의학과,0,0.0,mixed,0,normal,0.0
2025-09-08T08:50:00+00:00,2025-09-08,8,50,0,영상의학과,1,7.0,mixed,0,normal,0.05
2025-09-08T08:55:00+00:00,2025-09-08,8,55,0,MRI실,0,0.0,mixed,0,normal,0.0
2025-09-08T23:40:00+00:00,2025-09-08,23,40,0,영상의학과,1,6.0,mixed,0,normal,0.05
2025-09-08T23:50:00+00:00,2025-09-08,23,50,0,X-ray실,1,5.0,mixed,0,normal,0.05
2025-09-09T00:00:00+00:00,2025-09-09,0,0,1,정형외과,1,20.0,mixed,0,normal,0.05
2025-09-09T00:10:00+00:00,2025-09-09,0,10,1,CT실,1,24.0,mixed,0,normal,0.05
2025-09-09T00:10:00+00:00,2025-09-09,0,10,1,영상의학과,1,14.0,mixed,0,normal,0.05
2025-09-09T00:40:00+00:00,2025-09-09,0,40,1,영상의학과,0,0.0,mixed,0,normal,0.0
2025-09-09T00:50:00+00:00,2025-09-09,0,50,1,정형외과,0,0.0,mixed,0,normal,0.0
2025-09-09T01:05:00+00:00,2025-09-09,1,5,1,MRI실,1,46.0,mixed,0,normal,0.05
2025-09-09T01:05:00+00:00,2025-09-09,1,5,1,내과,1,33.0,mixed,0,normal,0.05
2025-09-09T01:20:00+00:00,2025-09-09,1,20,1,정형외과,0,0.0,mixed,0,normal,0.0
2025-09-09T01:30:00+00:00,2025-09-09,1,30,1,영상의학과,1,16.0,mixed,0,normal,0.05
2025-09-09T01:40:00+00:00,2025-09-09,1,40,1,내과,0,0.0,mixed,0,normal,0.0
2025-09-09T01:45:00+00:00,2025-09-09,1,45,1,MRI실,1,44.0,mixed,0,normal,0.05
2025-09-09T01:45:00+00:00,2025-09-09,1,45,1,내과,1,37.0,mixed,0,normal,0.05
2025-09-09T01:45:00+00:00,2025-09-09,1,45,1,정형외과,1,27.0,mixed,0,normal,0.05
2025-09-09T02:00:00+00:00,2025-09-09,2,0,1,정형외과,1,23.0,mixed,0,normal,0.05
2025-09-09T02:05:00+00:00,2025-09-09,2,5,1,내과,1,37.0,mixed,0,normal,0.05
2025-09-09T02:10:00+00:00,2025-09-09,2,10,1,진단검사의학과,1,13.0,mixed,0,normal,0.05
2025-09-09T02:20:00+00:00,2025-09-09,2,20,1,정형외과,0,0.0,mixed,0,normal,0.0
2025-09-09T02:30:00+00:00,2025-09-09,2,30,1,X-ray실,1,8.0,mixed,0,normal,0.05
2025-09-09T02:30:00+00:00,2025-09-09,2,30,1,내과,0,0.0,mixed,0,normal,0.0
2025-09-09T02:30:00+00:00,2025-09-09,2,30,1,정형외과,1,21.0,mixed,0,normal,0.05
2025-09-09T02:35:00+00:00,2025-09-09,2,35,1,내과,0,0.0,mixed,0,normal,0.0
2025-09-09T03:05:00+00:00,2025-09-09,3,5,1,X-ray실,1,5.0,mixed,0,normal,0.05
2025-09-09T03:15:00+00:00,2025-09-09,3,15,1,내과,1,16.0,mixed,0,normal,0.05
2025-09-09T03:20:00+00:00,2025-09-09,3,20,1,영상의학과,0,0.0,mixed,0,normal,0.0
2025-09-09T03:20:00+00:00,2025-09-09,3,20,1,정형외과,0,0.0,mixed,0,normal,0.0
2025-09-09T03:25:00+00:00,2025-09-09,3,25,1,X-ray실,1,5.0,mixed,0,normal,0.05
2025-09-09T03:30:00+00:00,2025-09-09,3,30,1,MRI실,1,25.0,mixed,0,normal,0.05
2025-09-09T03:45:00+00:00,2025-09-09,3,45,1,정형외과,1,10.0,mixed,0,normal,0.05
2025-09-09T04:00:00+00:00,2025-09-09,4,0,1,영상의학과,1,10.0,mixed,0,normal,0.05
2025-09-09T04:10:00+00:00,2025-09-09,4,10,1,내과,1,22.0,mixed,0,normal,0.05
2025-09-09T04:50:00+00:00,2025-09-09,4,50,1,영상의학과,1,10.0,mixed,0,normal,0.05
2025-09-09T05:10:00+00:00,2025-09-09,5,10,1,CT실,0,0.0,mixed,0,normal,0.0
2025-09-09T05:35:00+00:00,2025-09-09,5,35,1,CT실,0,0.0,mixed,0,normal,0.0
2025-09-09T05:55:00+00:00,2025-09-09,5,55,1,내과,0,0.0,mixed,0,normal,0.0
2025-09-09T06:00:00+00:00,2025-09-09,6,0,1,CT실,1,22.0,mixed,0,normal,0.05
2025-09-09T06:00:00+00:00,2025-09-09,6,0,1,내과,0,0.0,mixed,0,normal,0.0
2025-09-09T06:00:00+00:00,2025-09-09,6,0,1,진단검사의학과,1,13.0,mixed,0,normal,0.05
2025-09-09T06:05:00+00:00,2025-09-09,6,5,1,내과,1,29.0,mixed,0,normal,0.05
2025-09-09T06:20:00+00:00,2025-09-09,6,20,1,진단검사의학과,0,0.0,mixed,0,normal,0.0
2025-09-09T06:30:00+00:00,2025-09-09,6,30,1,정형외과,0,0.0,mixed,0,normal,0.0
2025-09-09T06:40:00+00:00,2025-09-09,6,40,1,X-ray실,1,8.0,mixed,0,normal,0.05
2025-09-09T07:10:00+00:00,2025-09-09,7,10,1,내과,0,0.0,mixed,0,normal,0.0
2025-09-09T07:15:00+00:00,2025-09-09,7,15,1,심장내과,1,20.0,mixed,0,normal,0.05
2025-09-09T07:20:00+00:00,2025-09-09,7,20,1,내과,0,0.0,mixed,0,normal,0.0
2025-09-09T07:30:00+00:00,2025-09-09,7,30,1,내과,0,0.0,mixed,0,normal,0.0
2025-09-09T07:35:00+00:00,2025-09-09,7,35,1,MRI실,1,28.0,mixed,0,normal,0.05
2025-09-09T08:05:00+00:00,2025-09-09,8,5,1,소아과,1,5.0,mixed,0,normal,0.05
2025-09-09T08:55:00+00:00,2025-09-09,8,55,1,심장내과,0,0.0,mixed,0,normal,0.0
2025-09-09T23:20:00+00:00,2025-09-09,23,20,1,X-ray실,1,5.0,mixed,0,normal,0.05
2025-09-09T23:20:00+00:00,2025-09-09,23,20,1,영상의학과,1,6.0,mixed,0,normal,0.05
2025-09-10T00:15:00+00:00,2025-09-10,0,15,2,영상의학과,1,19.0,mixed,0,normal,0.05
2025-09-10T00:25:00+00:00,2025-09-10,0,25,2,X-ray실,1,9.0,mixed,0,normal,0.05
2025-09-10T00:45:00+00:00,2025-09-10,0,45,2,진단검사의학과,1,11.0,mixed,0,normal,0.05
2025-09-10T00:50:00+00:00,2025-09-10,0,50,2,MRI실,1,36.0,mixed,0,normal,0.05
2025-09-10T01:00:00+00:00,2025-09-10,1,0,2,X-ray실,0,0.0,mixed,0,normal,0.0
2025-09-10T01:00:00+00:00,2025-09-10,1,0,2,영상의학과,1,19.0,mixed,0,normal,0.05
2025-09-10T01:10:00+00:00,2025-09-10,1,10,2,내과,1,37.0,mixed,0,normal,0.05
2025-09-10T01:10:00+00:00,2025-09-10,1,10,2,영상의학과,1,16.0,mixed,0,normal,0.05
2025-09-10T01:15:00+00:00,2025-09-10,1,15,2,정형외과,1,28.0,mixed,0,normal,0.05
2025-09-10T01:30:00+00:00,2025-09-10,1,30,2,내과,0,0.0,mixed,0,normal,0.0
2025-09-10T02:00:00+00:00,2025-09-10,2,0,2,MRI실,0,0.0,mixed,0,normal,0.0
2025-09-10T02:15:00+00:00,2025-09-10,2,15,2,내과,0,0.0,mixed,0,normal,0.0
2025-09-10T02:15:00+00:00,2025-09-10,2,15,2,진단검사의학과,1,12.0,mixed,0,normal,0.05
2025-09-10T02:20:00+00:00,2025-09-10,2,20,2,내과,1,25.0,mixed,0,normal,0.05
2025-09-10T02:20:00+00:00,2025-09-10,2,20,2,정형외과,1,24.0,mixed,0,normal,0.05
2025-09-10T02:40:00+00:00,2025-09-10,2,40,2,MRI실,1,38.0,mixed,0,normal,0.05
2025-09-10T02:40:00+00:00,2025-09-10,2,40,2,심장내과,1,28.0,mixed,0,normal,0.05
2025-09-10T02:50:00+00:00,2025-09-10,2,50,2,내과,1,31.0,mixed,0,normal,0.05
2025-09-10T02:55:00+00:00,2025-09-10,2,55,2,정형외과,1,20.0,mixed,0,normal,0.05
2025-09-10T03:15:00+00:00,2025-09-10,3,15,2,X-ray실,1,5.0,mixed,0,normal,0.05
2025-09-10T03:25:00+00:00,2025-09-10,3,25,2,X-ray실,1,5.0,mixed,0,normal,0.05
2025-09-10T03:35:00+00:00,2025-09-10,3,35,2,CT실,0,0.0,mixed,0,normal,0.0
2025-09-10T03:40:00+00:00,2025-09-10,3,40,2,진단검사의학과,0,0.0,mixed,0,normal,0.0
2025-09-10T04:10:00+00:00,2025-09-10,4,10,2,내과,0,0.0,mixed,0,normal,0.0
2025-09-10T04:10:00+00:00,2025-09-10,4,10,2,심장내과,1,17.0,mixed,0,normal,0.05
2025-09-10T04:15:00+00:00,2025-09-10,4,15,2,CT실,1,17.0,mixed,0,normal,0.05
2025-09-10T04:25:00+00:00,2025-09-10,4,25,2,정형외과,1,16.0,mixed,0,normal,0.05
2025-09-10T04:30:00+00:00,2025-09-10,4,30,2,내과,1,24.0,mixed,0,normal,0.05
2025-09-10T04:50:00+00:00,2025-09-10,4,50,2,CT실,0,0.0,mixed,0,normal,0.0
2025-09-10T05:00:00+00:00,2025-09-10,5,0,2,정형외과,1,21.0,mixed,0,normal,0.05
2025-09-10T05:05:00+00:00,2025-09-10,5,5,2,내과,0,0.0,mixed,0,normal,0.0
2025-09-10T05:15:00+00:00,2025-09-10,5,15,2,영상의학과,0,0.0,mixed,0,normal,0.0
2025-09-10T05:25:00+00:00,2025-09-10,5,25,2,CT실,1,24.0,mixed,0,normal,0.05
2025-09-10T05:30:00+00:00,2025-09-10,5,30,2,정형외과,0,0.0,mixed,0,normal,0.0
2025-09-10T05:35:00+00:00,2025-09-10,5,35,2,정형외과,1,18.0,mixed,0,normal,0.05
2025-09-10T06:00:00+00:00,2025-09-10,6,0,2,정형외과,0,0.0,mixed,0,normal,0.0
2025-09-10T06:15:00+00:00,2025-09-10,6,15,2,내과,0,0.0,mixed,0,normal,0.0
2025-09-10T06:20:00+00:00,2025-09-10,6,20,2,소아과,0,0.0,mixed,0,normal,0.0
2025-09-10T06:40:00+00:00,2025-09-10,6,40,2,영상의학과,1,16.0,mixed,0,normal,0.05
2025-09-10T07:45:00+00:00,2025-09-10,7,45,2,내과,1,24.0,mixed,0,normal,0.05
2025-09-10T07:45:00+00:00,2025-09-10,7,45,2,영상의학과,1,14.0,mixed,0,normal,0.05
2025-09-10T07:55:00+00:00,2025-09-10,7,55,2,내과,1,22.0,mixed,0,normal,0.05
2025-09-10T08:00:00+00:00,2025-09-10,8,0,2,정형외과,1,8.0,mixed,0,normal,0.05
2025-09-10T08:40:00+00:00,2025-09-10,8,40,2,MRI실,0,0.0,mixed,0,normal,0.0
2025-09-10T08:50:00+00:00,2025-09-10,8,50,2,내과,0,0.0,mixed,0,normal,0.0
2025-09-10T08:55:00+00:00,2025-09-10,8,55,2,내과,0,0.0,mixed,0,normal,0.0
2025-09-10T23:00:00+00:00,2025-09-10,23,0,2,내과,1,12.0,mixed,0,normal,0.05
2025-09-10T23:00:00+00:00,2025-09-10,23,0,2,심장내과,1,10.0,mixed,0,normal,0.05
2025-09-11T00:10:00+00:00,2025-09-11,0,10,3,정형외과,1,22.0,mixed,0,normal,0.05
2025-09-11T00:15:00+00:00,2025-09-11,0,15,3,X-ray실,1,6.0,mixed,0,normal,0.05
2025-09-11T00:45:00+00:00,2025-09-11,0,45,3,내과,1,27.0,mixed,0,normal,0.05
2025-09-11T00:55:00+00:00,2025-09-11,0,55,3,정형외과,1,16.0,mixed,0,normal,0.05
2025-09-11T01:10:00+00:00,2025-09-11,1,10,3,MRI실,1,40.0,mixed,0,normal,0.05
2025-09-11T01:25:00+00:00,2025-09-11,1,25,3,내과,1,32.0,mixed,0,normal,0.05
2025-09-11T01:35:00+00:00,2025-09-11,1,35,3,정형외과,1,21.0,mixed,0,normal,0.05
2025-09-11T01:40:00+00:00,2025-09-11,1,40,3,CT실,0,0.0,mixed,0,normal,0.0
2025-09-11T01:45:00+00:00,2025-09-11,1,45,3,내과,1,39.0,mixed,0,normal,0.05
2025-09-11T01:50:00+00:00,2025-09-11,1,50,3,내과,0,0.0,mixed,0,normal,0.0
2025-09-11T02:00:00+00:00,2025-09-11,2,0,3,내과,1,34.0,mixed,0,normal,0.05
2025-09-11T02:15:00+00:00,2025-09-11,2,15,3,정형외과,1,19.0,mixed,0,normal,0.05
2025-09-11T02:30:00+00:00,2025-09-11,2,30,3,MRI실,1,47.0,mixed,0,normal,0.05
2025-09-11T02:40:00+00:00,2025-09-11,2,40,3,내과,1,33.0,mixed,0,normal,0.05
2025-09-11T02:40:00+00:00,2025-09-11,2,40,3,정형외과,1,19.0,mixed,0,normal,0.05
2025-09-11T02:55:00+00:00,2025-09-11,2,55,3,내과,1,34.0,mixed,0,normal,0.05
2025-09-11T03:00:00+00:00,2025-09-11,3,0,3,정형외과,1,11.0,mixed,0,normal,0.05
2025-09-11T04:05:00+00:00,2025-09-11,4,5,3,X-ray실,1,5.0,mixed,0,normal,0.05
2025-09-11T04:30:00+00:00,2025-09-11,4,30,3,영상의학과,1,10.0,mixed,0,normal,0.05
2025-09-11T04:35:00+00:00,2025-09-11,4,35,3,X-ray실,1,5.0,mixed,0,normal,0.05
2025-09-11T04:45:00+00:00,2025-09-11,4,45,3,CT실,2,20.0,mixed,0,normal,0.1
2025-09-11T05:05:00+00:00,2025-09-11,5,5,3,진단검사의학과,1,11.0,mixed,0,normal,0.05
2025-09-11T05:10:00+00:00,2025-09-11,5,10,3,X-ray실,0,0.0,mixed,0,normal,0.0
2025-09-11T05:20:00+00:00,2025-09-11,5,20,3,심장내과,0,0.0,mixed,0,normal,0.0
2025-09-11T05:30:00+00:00,2025-09-11,5,30,3,내과,1,27.0,mixed,0,normal,0.05
2025-09-11T05:35:00+00:00,2025-09-11,5,35,3,MRI실,0,0.0,mixed,0,normal,0.0
2025-09-11T05:35:00+00:00,2025-09-11,5,35,3,소아과,0,0.0,mixed,0,normal,0.0
2025-09-11T05:35:00+00:00,2025-09-11,5,35,3,영상의학과,1,20.0,mixed,0,normal,0.05
2025-09-11T05:35:00+00:00,2025-09-11,5,35,3,정형외과,0,0.0,mixed,0,normal,0.0
2025-09-11T05:55:00+00:00,2025-09-11,5,55,3,영상의학과,0,0.0,mixed,0,normal,0.0
2025-09-11T05:55:00+00:00,2025-09-11,5,55,3,진단검사의학과,1,15.0,mixed,0,normal,0.05
2025-09-11T06:00:00+00:00,2025-09-11,6,0,3,영상의학과,0,0.0,mixed,0,normal,0.0
2025-09-11T06:00:00+00:00,2025-09-11,6,0,3,진단검사의학과,0,0.0,mixed,0,normal,0.0
2025-09-11T06:10:00+00:00,2025-09-11,6,10,3,내과,1,31.0,mixed,0,normal,0.05
2025-09-11T06:15:00+00:00,2025-09-11,6,15,3,MRI실,1,39.0,mixed,0,normal,0.05
2025-09-11T06:20:00+00:00,2025-09-11,6,20,3,정형외과,0,0.0,mixed,0,normal,0.0
2025-09-11T06:25:00+00:00,2025-09-11,6,25,3,정형외과,0,0.0,mixed,0,normal,0.0
2025-09-11T06:30:00+00:00,2025-09-11,6,30,3,영상의학과,1,14.0,mixed,0,normal,0.05
2025-09-11T06:35:00+00:00,2025-09-11,6,35,3,영상의학과,1,15.0,mixed,0,normal,0.05
2025-09-11T06:40:00+00:00,2025-09-11,6,40,3,내과,1,32.0,mixed,0,normal,0.05
2025-09-11T06:50:00+00:00,2025-09-11,6,50,3,X-ray실,0,0.0,mixed,0,normal,0.0
2025-09-11T06:50:00+00:00,2025-09-11,6,50,3,정형외과,0,0.0,mixed,0,normal,0.0
2025-09-11T06:55:00+00:00,2025-09-11,6,55,3,내과,1,23.0,mixed,0,normal,0.05
2025-09-11T06:55:00+00:00,2025-09-11,6,55,3,영상의학과,0,0.0,mixed,0,normal,0.0
2025-09-11T06:55:00+00:00,2025-09-11,6,55,3,정형외과,0,0.0,mixed,0,normal,0.0
2025-09-11T07:30:00+00:00,2025-09-11,7,30,3,내과,0,0.0,mixed,0,normal,0.0
2025-09-11T07:40:00+00:00,2025-09-11,7,40,3,내과,0,0.0,mixed,0,normal,0.0
2025-09-11T07:45:00+00:00,2025-09-11,7,45,3,내과,0,0.0,mixed,0,normal,0.0
2025-09-11T07:50:00+00:00,2025-09-11,7,50,3,CT실,0,0.0,mixed,0,normal,0.0
2025-09-11T08:30:00+00:00,2025-09-11,8,30,3,내과,0,0.0,mixed,0,normal,0.0
2025-09-11T23:00:00+00:00,2025-09-11,23,0,3,X-ray실,1,5.0,mixed,0,normal,0.05
2025-09-11T23:10:00+00:00,2025-09-11,23,10,3,내과,1,11.0,mixed,0,normal,0.05
2025-09-12T00:15:00+00:00,2025-09-12,0,15,4,X-ray실,1,6.0,mixed,0,normal,0.05
2025-09-12T00:40:00+00:00,2025-09-12,0,40,4,내과,1,32.0,mixed,0,normal,0.05
2025-09-12T00:45:00+00:00,2025-09-12,0,45,4,진단검사의학과,1,13.0,mixed,0,normal,0.05
2025-09-12T00:50:00+00:00,2025-09-12,0,50,4,내과,1,22.0,mixed,0,normal,0.05
2025-09-12T01:00:00+00:00,2025-09-12,1,0,4,MRI실,0,0.0,mixed,0,normal,0.0
2025-09-12T01:00:00+00:00,2025-09-12,1,0,4,내과,1,28.0,mixed,0,normal,0.05
2025-09-12T01:00:00+00:00,2025-09-12,1,0,4,정형외과,2,23.5,mixed,0,normal,0.1
2025-09-12T01:00:00+00:00,2025-09-12,1,0,4,진단검사의학과,1,13.0,mixed,0,normal,0.05
2025-09-12T01:10:00+00:00,2025-09-12,1,10,4,CT실,1,35.0,mixed,0,normal,0.05
2025-09-12T01:20:00+00:00,2025-09-12,1,20,4,CT실,1,25.0,mixed,0,normal,0.05
2025-09-12T01:35:00+00:00,2025-09-12,1,35,4,내과,1,29.0,mixed,0,normal,0.05
2025-09-12T01:40:00+00:00,2025-09-12,1,40,4,정형외과,1,26.0,mixed,0,normal,0.05
2025-09-12T01:45:00+00:00,2025-09-12,1,45,4,내과,0,0.0,mixed,0,normal,0.0
2025-09-12T01:45:00+00:00,2025-09-12,1,45,4,영상의학과,1,17.0,mixed,0,normal,0.05
2025-09-12T01:50:00+00:00,2025-09-12,1,50,4,심장내과,1,28.0,mixed,0,normal,0.05
2025-09-12T01:50:00+00:00,2025-09-12,1,50,4,정형외과,1,23.0,mixed,0,normal,0.05
2025-09-12T01:55:00+00:00,2025-09-12,1,55,4,영상의학과,1,22.0,mixed,0,normal,0.05
2025-09-12T02:05:00+00:00,2025-09-12,2,5,4,내과,1,26.0,mixed,0,normal,0.05
2025-09-12T02:10:00+00:00,2025-09-12,2,10,4,영상의학과,1,15.0,mixed,0,normal,0.05
2025-09-12T02:10:00+00:00,2025-09-12,2,10,4,정형외과,0,0.0,mixed,0,normal,0.0
2025-09-12T02:50:00+00:00,2025-09-12,2,50,4,영상의학과,1,21.0,mixed,0,normal,0.05
2025-09-12T03:50:00+00:00,2025-09-12,3,50,4,CT실,1,13.0,mixed,0,normal,0.05
2025-09-12T04:45:00+00:00,2025-09-12,4,45,4,내과,1,21.0,mixed,0,normal,0.05
2025-09-12T05:00:00+00:00,2025-09-12,5,0,4,진단검사의학과,1,10.0,mixed,0,normal,0.05
2025-09-12T05:30:00+00:00,2025-09-12,5,30,4,X-ray실,0,0.0,mixed,0,normal,0.0
2025-09-12T05:30:00+00:00,2025-09-12,5,30,4,내과,1,27.0,mixed,0,normal,0.05
2025-09-12T05:50:00+00:00,2025-09-12,5,50,4,MRI실,1,41.0,mixed,0,normal,0.05
2025-09-12T06:10:00+00:00,2025-09-12,6,10,4,정형외과,0,0.0,mixed,0,normal,0.0
2025-09-12T06:40:00+00:00,2025-09-12,6,40,4,내과,1,22.0,mixed,0,normal,0.05
2025-09-12T06:45:00+00:00,2025-09-12,6,45,4,MRI실,1,32.0,mixed,0,normal,0.05
2025-09-12T06:55:00+00:00,2025-09-12,6,55,4,내과,1,25.0,mixed,0,normal,0.05
2025-09-12T07:00:00+00:00,2025-09-12,7,0,4,내과,0,0.0,mixed,0,normal,0.0
2025-09-12T07:15:00+00:00,2025-09-12,7,15,4,영상의학과,1,10.0,mixed,0,normal,0.05
2025-09-12T07:20:00+00:00,2025-09-12,7,20,4,X-ray실,1,5.0,mixed,0,normal,0.05
2025-09-12T07:25:00+00:00,2025-09-12,7,25,4,정형외과,0,0.0,mixed,0,normal,0.0
2025-09-12T07:40:00+00:00,2025-09-12,7,40,4,내과,0,0.0,mixed,0,normal,0.0
2025-09-12T07:40:00+00:00,2025-09-12,7,40,4,정형외과,0,0.0,mixed,0,normal,0.0
2025-09-12T07:45:00+00:00,2025-09-12,7,45,4,정형외과,1,13.0,mixed,0,normal,0.05
2025-09-12T07:50:00+00:00,2025-09-12,7,50,4,영상의학과,0,0.0,mixed,0,normal,0.0
2025-09-12T08:30:00+00:00,2025-09-12,8,30,4,내과,1,8.0,mixed,0,normal,0.05
2025-09-12T08:45:00+00:00,2025-09-12,8,45,4,내과,1,12.0,mixed,0,normal,0.05
2025-09-12T23:10:00+00:00,2025-09-12,23,10,4,MRI실,1,14.0,mixed,0,normal,0.05
2025-09-12T23:45:00+00:00,2025-09-12,23,45,4,정형외과,1,6.0,mixed,0,normal,0.05
2025-09-12T23:50:00+00:00,2025-09-12,23,50,4,정형외과,1,6.0,mixed,0,normal,0.05
2025-09-12T23:55:00+00:00,2025-09-12,23,55,4,영상의학과,1,5.0,mixed,0,normal,0.05
2025-09-13T01:05:00+00:00,2025-09-13,1,5,5,X-ray실,1,10.0,mixed,0,normal,0.05
2025-09-13T01:35:00+00:00,2025-09-13,1,35,5,CT실,1,32.0,mixed,0,normal,0.05
2025-09-13T01:35:00+00:00,2025-09-13,1,35,5,정형외과,0,0.0,mixed,0,normal,0.0
2025-09-13T01:55:00+00:00,2025-09-13,1,55,5,내과,1,34.0,mixed,0,normal,0.05
2025-09-13T02:50:00+00:00,2025-09-13,2,50,5,진단검사의학과,0,0.0,mixed,0,normal,0.0
2025-09-13T02:55:00+00:00,2025-09-13,2,55,5,정형외과,2,22.5,mixed,0,normal,0.1
2025-09-13T03:00:00+00:00,2025-09-13,3,0,5,진단검사의학과,0,0.0,mixed,0,normal,0.0
2025-09-13T03:10:00+00:00,2025-09-13,3,10,5,내과,1,19.0,mixed,0,normal,0.05
2025-09-13T03:25:00+00:00,2025-09-13,3,25,5,내과,1,14.0,mixed,0,normal,0.05
2025-09-13T03:50:00+00:00,2025-09-13,3,50,5,X-ray실,1,5.0,mixed,0,normal,0.05
2025-09-13T04:00:00+00:00,2025-09-13,4,0,5,MRI실,1,31.0,mixed,0,normal,0.05
2025-09-13T04:00:00+00:00,2025-09-13,4,0,5,영상의학과,1,12.0,mixed,0,normal,0.05
2025-09-13T04:15:00+00:00,2025-09-13,4,15,5,영상의학과,1,11.0,mixed,0,normal,0.05
2025-09-13T04:35:00+00:00,2025-09-13,4,35,5,X-ray실,1,5.0,mixed,0,normal,0.05
2025-09-13T04:45:00+00:00,2025-09-13,4,45,5,내과,1,20.0,mixed,0,normal,0.05
2025-09-13T05:20:00+00:00,2025-09-13,5,20,5,CT실,1,22.0,mixed,0,normal,0.05
2025-09-13T05:30:00+00:00,2025-09-13,5,30,5,내과,0,0.0,mixed,0,normal,0.0
2025-09-13T05:50:00+00:00,2025-09-13,5,50,5,심장내과,1,21.0,mixed,0,normal,0.05
2025-09-13T05:55:00+00:00,2025-09-13,5,55,5,영상의학과,0,0.0,mixed,0,normal,0.0
2025-09-13T06:00:00+00:00,2025-09-13,6,0,5,내과,0,0.0,mixed,0,normal,0.0
2025-09-13T06:20:00+00:00,2025-09-13,6,20,5,내과,0,0.0,mixed,0,normal,0.0
2025-09-13T06:35:00+00:00,2025-09-13,6,35,5,내과,1,29.0,mixed,0,normal,0.05
2025-09-13T06:55:00+00:00,2025-09-13,6,55,5,내과,0,0.0,mixed,0,normal,0.0
2025-09-13T07:00:00+00:00,2025-09-13,7,0,5,정형외과,1,17.0,mixed,0,normal,0.05
2025-09-13T07:20:00+00:00,2025-09-13,7,20,5,내과,1,20.0,mixed,0,normal,0.05
2025-09-14T23:45:00+00:00,2025-09-14,23,45,6,CT실,1,8.0,mixed,0,normal,0.05
2025-09-14T23:50:00+00:00,2025-09-14,23,50,6,정형외과,1,6.0,mixed,0,normal,0.05
2025-09-14T23:55:00+00:00,2025-09-14,23,55,6,심장내과,1,7.0,mixed,0,normal,0.05
2025-09-15T00:50:00+00:00,2025-09-15,0,50,0,X-ray실,1,6.0,mixed,0,normal,0.05
2025-09-15T01:00:00+00:00,2025-09-15,1,0,0,정형외과,1,28.0,mixed,0,normal,0.05
2025-09-15T01:15:00+00:00,2025-09-15,1,15,0,내과,1,30.0,mixed,0,normal,0.05
2025-09-15T01:20:00+00:00,2025-09-15,1,20,0,내과,1,35.0,mixed,0,normal,0.05
2025-09-15T01:20:00+00:00,2025-09-15,1,20,0,영상의학과,1,16.0,mixed,0,normal,0.05
2025-09-15T01:20:00+00:00,2025-09-15,1,20,0,정형외과,1,24.0,mixed,0,normal,0.05
2025-09-15T01:25:00+00:00,2025-09-15,1,25,0,내과,0,0.0,mixed,0,normal,0.0
2025-09-15T01:30:00+00:00,2025-09-15,1,30,0,CT실,1,24.0,mixed,0,normal,0.05
2025-09-15T01:40:00+00:00,2025-09-15,1,40,0,영상의학과,1,18.0,mixed,0,normal,0.05
2025-09-15T01:45:00+00:00,2025-09-15,1,45,0,정형외과,1,29.0,mixed,0,normal,0.05
2025-09-15T01:55:00+00:00,2025-09-15,1,55,0,내과,2,38.5,mixed,0,normal,0.1
2025-09-15T02:10:00+00:00,2025-09-15,2,10,0,영상의학과,1,15.0,mixed,0,normal,0.05
2025-09-15T02:20:00+00:00,2025-09-15,2,20,0,정형외과,1,22.0,mixed,0,normal,0.05
2025-09-15T02:25:00+00:00,2025-09-15,2,25,0,CT실,0,0.0,mixed,0,normal,0.0
2025-09-15T02:25:00+00:00,2025-09-15,2,25,0,내과,1,28.0,mixed,0,normal,0.05
2025-09-15T02:25:00+00:00,2025-09-15,2,25,0,정형외과,1,19.0,mixed,0,normal,0.05
2025-09-15T02:30:00+00:00,2025-09-15,2,30,0,X-ray실,1,7.0,mixed,0,normal,0.05
2025-09-15T02:35:00+00:00,2025-09-15,2,35,0,내과,0,0.0,mixed,0,normal,0.0
2025-09-15T02:40:00+00:00,2025-09-15,2,40,0,영상의학과,1,18.0,mixed,0,normal,0.05
2025-09-15T02:50:00+00:00,2025-09-15,2,50,0,내과,1,30.0,mixed,0,normal,0.05
2025-09-15T02:55:00+00:00,2025-09-15,2,55,0,영상의학과,1,19.0,mixed,0,normal,0.05
2025-09-15T03:00:00+00:00,2025-09-15,3,0,0,MRI실,1,24.0,mixed,0,normal,0.05
2025-09-15T03:15:00+00:00,2025-09-15,3,15,0,MRI실,1,20.0,mixed,0,normal,0.05
2025-09-15T03:15:00+00:00,2025-09-15,3,15,0,영상의학과,1,8.0,mixed,0,normal,0.05
2025-09-15T03:15:00+00:00,2025-09-15,3,15,0,정형외과,1,10.0,mixed,0,normal,0.05
2025-09-15T03:20:00+00:00,2025-09-15,3,20,0,내과,1,15.0,mixed,0,normal,0.05
2025-09-15T03:35:00+00:00,2025-09-15,3,35,0,MRI실,1,22.0,mixed,0,normal,0.05
2025-09-15T03:35:00+00:00,2025-09-15,3,35,0,내과,2,18.0,mixed,0,normal,0.1
2025-09-15T03:50:00+00:00,2025-09-15,3,50,0,진단검사의학과,1,6.0,mixed,0,normal,0.05
2025-09-15T04:05:00+00:00,2025-09-15,4,5,0,진단검사의학과,1,7.0,mixed,0,normal,0.05
2025-09-15T04:15:00+00:00,2025-09-15,4,15,0,X-ray실,1,5.0,mixed,0,normal,0.05
2025-09-15T04:20:00+00:00,2025-09-15,4,20,0,CT실,1,14.0,mixed,0,normal,0.05
2025-09-15T04:35:00+00:00,2025-09-15,4,35,0,내과,0,0.0,mixed,0,normal,0.0
2025-09-15T04:45:00+00:00,2025-09-15,4,45,0,내과,0,0.0,mixed,0,normal,0.0
2025-09-15T04:55:00+00:00,2025-09-15,4,55,0,영상의학과,1,10.0,mixed,0,normal,0.05
2025-09-15T05:05:00+00:00,2025-09-15,5,5,0,내과,0,0.0,mixed,0,normal,0.0
2025-09-15T05:30:00+00:00,2025-09-15,5,30,0,X-ray실,0,0.0,mixed,0,normal,0.0
2025-09-15T05:40:00+00:00,2025-09-15,5,40,0,진단검사의학과,0,0.0,mixed,0,normal,0.0
2025-09-15T05:45:00+00:00,2025-09-15,5,45,0,정형외과,0,0.0,mixed,0,normal,0.0
2025-09-15T05:50:00+00:00,2025-09-15,5,50,0,내과,0,0.0,mixed,0,normal,0.0
2025-09-15T06:00:00+00:00,2025-09-15,6,0,0,정형외과,1,23.0,mixed,0,normal,0.05
2025-09-15T06:15:00+00:00,2025-09-15,6,15,0,X-ray실,1,9.0,mixed,0,normal,0.05
2025-09-15T06:20:00+00:00,2025-09-15,6,20,0,MRI실,1,38.0,mixed,0,normal,0.05
2025-09-15T06:25:00+00:00,2025-09-15,6,25,0,내과,1,30.0,mixed,0,normal,0.05
2025-09-15T06:30:00+00:00,2025-09-15,6,30,0,내과,1,29.0,mixed,0,normal,0.05
2025-09-15T06:45:00+00:00,2025-09-15,6,45,0,정형외과,0,0.0,mixed,0,normal,0.0
2025-09-15T07:00:00+00:00,2025-09-15,7,0,0,내과,1,17.0,mixed,0,normal,0.05
2025-09-15T07:05:00+00:00,2025-09-15,7,5,0,CT실,0,0.0,mixed,0,normal,0.0
2025-09-15T07:20:00+00:00,2025-09-15,7,20,0,정형외과,0,0.0,mixed,0,normal,0.0
2025-09-15T07:35:00+00:00,2025-09-15,7,35,0,소아과,0,0.0,mixed,0,normal,0.0
2025-09-15T07:45:00+00:00,2025-09-15,7,45,0,X-ray실,0,0.0,mixed,0,normal,0.0
2025-09-15T07:45:00+00:00,2025-09-15,7,45,0,내과,1,19.0,mixed,0,normal,0.05
2025-09-15T08:10:00+00:00,2025-09-15,8,10,0,영상의학과,0,0.0,mixed,0,normal,0.0
2025-09-15T08:20:00+00:00,2025-09-15,8,20,0,정형외과,1,8.0,mixed,0,normal,0.05
2025-09-15T08:25:00+00:00,2025-09-15,8,25,0,심장내과,1,7.0,mixed,0,normal,0.05
2025-09-15T08:55:00+00:00,2025-09-15,8,55,0,진단검사의학과,1,5.0,mixed,0,normal,0.05
2025-09-15T23:00:00+00:00,2025-09-15,23,0,0,정형외과,1,8.0,mixed,0,normal,0.05
2025-09-15T23:10:00+00:00,2025-09-15,23,10,0,CT실,1,9.0,mixed,0,normal,0.05
2025-09-16T00:15:00+00:00,2025-09-16,0,15,1,정형외과,1,20.0,mixed,0,normal,0.05
2025-09-16T00:40:00+00:00,2025-09-16,0,40,1,내과,1,28.0,mixed,0,normal,0.05
2025-09-16T00:40:00+00:00,2025-09-16,0,40,1,정형외과,1,23.0,mixed,0,normal,0.05
2025-09-16T00:50:00+00:00,2025-09-16,0,50,1,심장내과,1,24.0,mixed,0,normal,0.05
2025-09-16T00:50:00+00:00,2025-09-16,0,50,1,정형외과,0,0.0,mixed,0,normal,0.0
2025-09-16T01:10:00+00:00,2025-09-16,1,10,1,X-ray실,0,0.0,mixed,0,normal,0.0
2025-09-16T01:15:00+00:00,2025-09-16,1,15,1,MRI실,0,0.0,mixed,0,normal,0.0
2025-09-16T01:25:00+00:00,2025-09-16,1,25,1,MRI실,1,45.0,mixed,0,normal,0.05
2025-09-16T01:25:00+00:00,2025-09-16,1,25,1,X-ray실,1,11.0,mixed,0,normal,0.05
2025-09-16T01:30:00+00:00,2025-09-16,1,30,1,심장내과,1,30.0,mixed,0,normal,0.05
2025-09-16T01:40:00+00:00,2025-09-16,1,40,1,CT실,1,31.0,mixed,0,normal,0.05
2025-09-16T01:45:00+00:00,2025-09-16,1,45,1,내과,1,30.0,mixed,0,normal,0.05
2025-09-16T01:45:00+00:00,2025-09-16,1,45,1,영상의학과,1,21.0,mixed,0,normal,0.05
2025-09-16T01:50:00+00:00,2025-09-16,1,50,1,소아과,1,16.0,mixed,0,normal,0.05
2025-09-16T01:55:00+00:00,2025-09-16,1,55,1,정형외과,1,25.0,mixed,0,normal,0.05
2025-09-16T02:05:00+00:00,2025-09-16,2,5,1,내과,1,32.0,mixed,0,normal,0.05
2025-09-16T02:10:00+00:00,2025-09-16,2,10,1,정형외과,1,26.0,mixed,0,normal,0.05
2025-09-16T02:15:00+00:00,2025-09-16,2,15,1,CT실,1,25.0,mixed,0,normal,0.05
2025-09-16T02:30:00+00:00,2025-09-16,2,30,1,정형외과,1,24.0,mixed,0,normal,0.05
2025-09-16T02:35:00+00:00,2025-09-16,2,35,1,CT실,0,0.0,mixed,0,normal,0.0
2025-09-16T02:35:00+00:00,2025-09-16,2,35,1,X-ray실,0,0.0,mixed,0,normal,0.0
2025-09-16T02:50:00+00:00,2025-09-16,2,50,1,X-ray실,1,9.0,mixed,0,normal,0.05
2025-09-16T02:55:00+00:00,2025-09-16,2,55,1,MRI실,1,37.0,mixed,0,normal,0.05
2025-09-16T03:00:00+00:00,2025-09-16,3,0,1,내과,1,16.0,mixed,0,normal,0.05
2025-09-16T03:05:00+00:00,2025-09-16,3,5,1,내과,1,17.0,mixed,0,normal,0.05
2025-09-16T03:25:00+00:00,2025-09-16,3,25,1,영상의학과,0,0.0,mixed,0,normal,0.0
2025-09-16T03:55:00+00:00,2025-09-16,3,55,1,내과,0,0.0,mixed,0,normal,0.0
2025-09-16T04:10:00+00:00,2025-09-16,4,10,1,진단검사의학과,0,0.0,mixed,0,normal,0.0
2025-09-16T04:20:00+00:00,2025-09-16,4,20,1,영상의학과,0,0.0,mixed,0,normal,0.0
2025-09-16T04:25:00+00:00,2025-09-16,4,25,1,내과,0,0.0,mixed,0,normal,0.0
2025-09-16T04:40:00+00:00,2025-09-16,4,40,1,X-ray실,0,0.0,mixed,0,normal,0.0
2025-09-16T05:10:00+00:00,2025-09-16,5,10,1,영상의학과,0,0.0,mixed,0,normal,0.0
2025-09-16T05:15:00+00:00,2025-09-16,5,15,1,영상의학과,0,0.0,mixed,0,normal,0.0
2025-09-16T05:25:00+00:00,2025-09-16,5,25,1,내과,0,0.0,mixed,0,normal,0.0
2025-09-16T05:35:00+00:00,2025-09-16,5,35,1,내과,0,0.0,mixed,0,normal,0.0
2025-09-16T05:40:00+00:00,2025-09-16,5,40,1,내과,0,0.0,mixed,0,normal,0.0
2025-09-16T05:40:00+00:00,2025-09-16,5,40,1,진단검사의학과,1,13.0,mixed,0,normal,0.05
2025-09-16T05:45:00+00:00,2025-09-16,5,45,1,내과,0,0.0,mixed,0,normal,0.0
2025-09-16T06:00:00+00:00,2025-09-16,6,0,1,MRI실,1,35.0,mixed,0,normal,0.05
2025-09-16T06:05:00+00:00,2025-09-16,6,5,1,영상의학과,1,16.0,mixed,0,normal,0.05
2025-09-16T06:35:00+00:00,2025-09-16,6,35,1,정형외과,1,17.0,mixed,0,normal,0.05
2025-09-16T06:40:00+00:00,2025-09-16,6,40,1,정형외과,0,0.0,mixed,0,normal,0.0
2025-09-16T06:55:00+00:00,2025-09-16,6,55,1,정형외과,0,0.0,mixed,0,normal,0.0
2025-09-16T07:25:00+00:00,2025-09-16,7,25,1,내과,0,0.0,mixed,0,normal,0.0
2025-09-16T07:30:00+00:00,2025-09-16,7,30,1,영상의학과,1,13.0,mixed,0,normal,0.05
2025-09-16T07:30:00+00:00,2025-09-16,7,30,1,진단검사의학과,0,0.0,mixed,0,normal,0.0
2025-09-16T07:45:00+00:00,2025-09-16,7,45,1,내과,1,19.0,mixed,0,normal,0.05
2025-09-17T00:20:00+00:00,2025-09-17,0,20,2,CT실,0,0.0,mixed,0,normal,0.0
2025-09-17T00:20:00+00:00,2025-09-17,0,20,2,내과,1,28.0,mixed,0,normal,0.05
2025-09-17T00:20:00+00:00,2025-09-17,0,20,2,진단검사의학과,1,12.0,mixed,0,normal,0.05
2025-09-17T00:25:00+00:00,2025-09-17,0,25,2,내과,1,23.0,mixed,0,normal,0.05
2025-09-17T00:25:00+00:00,2025-09-17,0,25,2,진단검사의학과,1,11.0,mixed,0,normal,0.05
2025-09-17T00:45:00+00:00,2025-09-17,0,45,2,영상의학과,1,13.0,mixed,0,normal,0.05
2025-09-17T00:50:00+00:00,2025-09-17,0,50,2,정형외과,1,22.0,mixed,0,normal,0.05
2025-09-17T01:05:00+00:00,2025-09-17,1,5,2,MRI실,1,46.0,mixed,0,normal,0.05
2025-09-17T01:10:00+00:00,2025-09-17,1,10,2,MRI실,2,46.0,mixed,0,normal,0.1
2025-09-17T01:25:00+00:00,2025-09-17,1,25,2,심장내과,0,0.0,mixed,0,normal,0.0
2025-09-17T01:30:00+00:00,2025-09-17,1,30,2,내과,2,36.0,mixed,0,normal,0.1
2025-09-17T01:30:00+00:00,2025-09-17,1,30,2,영상의학과,1,19.0,mixed,0,normal,0.05
2025-09-17T01:30:00+00:00,2025-09-17,1,30,2,진단검사의학과,1,12.0,mixed,0,normal,0.05
2025-09-17T01:40:00+00:00,2025-09-17,1,40,2,X-ray실,1,11.0,mixed,0,normal,0.05
2025-09-17T01:55:00+00:00,2025-09-17,1,55,2,MRI실,1,40.0,mixed,0,normal,0.05
2025-09-17T02:00:00+00:00,2025-09-17,2,0,2,내과,1,36.0,mixed,0,normal,0.05
2025-09-17T02:20:00+00:00,2025-09-17,2,20,2,정형외과,0,0.0,mixed,0,normal,0.0
2025-09-17T02:35:00+00:00,2025-09-17,2,35,2,내과,1,29.0,mixed,0,normal,0.05
2025-09-17T02:50:00+00:00,2025-09-17,2,50,2,영상의학과,0,0.0,mixed,0,normal,0.0
2025-09-17T03:10:00+00:00,2025-09-17,3,10,2,영상의학과,0,0.0,mixed,0,normal,0.0
2025-09-17T03:35:00+00:00,2025-09-17,3,35,2,영상의학과,1,8.0,mixed,0,normal,0.05
2025-09-17T03:45:00+00:00,2025-09-17,3,45,2,정형외과,1,13.0,mixed,0,normal,0.05
2025-09-17T03:50:00+00:00,2025-09-17,3,50,2,내과,1,20.0,mixed,0,normal,0.05
2025-09-17T04:00:00+00:00,2025-09-17,4,0,2,정형외과,0,0.0,mixed,0,normal,0.0
2025-09-17T04:25:00+00:00,2025-09-17,4,25,2,영상의학과,0,0.0,mixed,0,normal,0.0
2025-09-17T04:30:00+00:00,2025-09-17,4,30,2,X-ray실,1,5.0,mixed,0,normal,0.05
2025-09-17T04:35:00+00:00,2025-09-17,4,35,2,정형외과,0,0.0,mixed,0,normal,0.0
2025-09-17T05:00:00+00:00,2025-09-17,5,0,2,CT실,0,0.0,mixed,0,normal,0.0
2025-09-17T05:05:00+00:00,2025-09-17,5,5,2,영상의학과,0,0.0,mixed,0,normal,0.0
2025-09-17T05:05:00+00:00,2025-09-17,5,5,2,정형외과,0,0.0,mixed,0,normal,0.0
2025-09-17T05:10:00+00:00,2025-09-17,5,10,2,정형외과,0,0.0,mixed,0,normal,0.0
2025-09-17T05:20:00+00:00,2025-09-17,5,20,2,X-ray실,0,0.0,mixed,0,normal,0.0
2025-09-17T05:45:00+00:00,2025-09-17,5,45,2,정형외과,0,0.0,mixed,0,normal,0.0
2025-09-17T06:00:00+00:00,2025-09-17,6,0,2,CT실,1,22.0,mixed,0,normal,0.05
2025-09-17T06:00:00+00:00,2025-09-17,6,0,2,내과,0,0.0,mixed,0,normal,0.0
2025-09-17T06:25:00+00:00,2025-09-17,6,25,2,X-ray실,1,7.0,mixed,0,normal,0.05
2025-09-17T06:30:00+00:00,2025-09-17,6,30,2,X-ray실,1,7.0,mixed,0,normal,0.05
2025-09-17T06:30:00+00:00,2025-09-17,6,30,2,내과,0,0.0,mixed,0,normal,0.0
2025-09-17T06:30:00+00:00,2025-09-17,6,30,2,심장내과,1,22.0,mixed,0,normal,0.05
2025-09-17T06:40:00+00:00,2025-09-17,6,40,2,CT실,1,26.0,mixed,0,normal,0.05
2025-09-17T07:10:00+00:00,2025-09-17,7,10,2,내과,2,21.0,mixed,0,normal,0.1
2025-09-17T07:35:00+00:00,2025-09-17,7,35,2,내과,1,19.0,mixed,0,normal,0.05
2025-09-17T07:40:00+00:00,2025-09-17,7,40,2,내과,0,0.0,mixed,0,normal,0.0
2025-09-17T07:45:00+00:00,2025-09-17,7,45,2,정형외과,0,0.0,mixed,0,normal,0.0
2025-09-17T08:20:00+00:00,2025-09-17,8,20,2,소아과,1,5.0,mixed,0,normal,0.05
2025-09-17T08:25:00+00:00,2025-09-17,8,25,2,내과,0,0.0,mixed,0,normal,0.0
2025-09-17T08:35:00+00:00,2025-09-17,8,35,2,정형외과,0,0.0,mixed,0,normal,0.0
2025-09-17T23:40:00+00:00,2025-09-17,23,40,2,MRI실,1,14.0,mixed,0,normal,0.05
2025-09-17T23:40:00+00:00,2025-09-17,23,40,2,내과,1,9.0,mixed,0,normal,0.05
2025-09-18T00:05:00+00:00,2025-09-18,0,5,3,MRI실,1,41.0,mixed,0,normal,0.05
2025-09-18T00:05:00+00:00,2025-09-18,0,5,3,내과,1,29.0,mixed,0,normal,0.05
2025-09-18T00:05:00+00:00,2025-09-18,0,5,3,정형외과,1,17.0,mixed,0,normal,0.05
2025-09-18T00:25:00+00:00,2025-09-18,0,25,3,내과,1,24.0,mixed,0,normal,0.05
2025-09-18T00:30:00+00:00,2025-09-18,0,30,3,심장내과,1,22.0,mixed,0,normal,0.05
2025-09-18T00:35:00+00:00,2025-09-18,0,35,3,내과,1,25.0,mixed,0,normal,0.05
2025-09-18T00:35:00+00:00,2025-09-18,0,35,3,진단검사의학과,1,14.0,mixed,0,normal,0.05
2025-09-18T00:40:00+00:00,2025-09-18,0,40,3,MRI실,1,29.0,mixed,0,normal,0.05
2025-09-18T00:40:00+00:00,2025-09-18,0,40,3,영상의학과,1,15.0,mixed,0,normal,0.05
2025-09-18T00:55:00+00:00,2025-09-18,0,55,3,내과,1,27.0,mixed,0,normal,0.05
2025-09-18T01:00:00+00:00,2025-09-18,1,0,3,정형외과,0,0.0,mixed,0,normal,0.0
2025-09-18T01:10:00+00:00,2025-09-18,1,10,3,내과,1,32.0,mixed,0,normal,0.05
2025-09-18T01:15:00+00:00,2025-09-18,1,15,3,CT실,1,30.0,mixed,0,normal,0.05
2025-09-18T01:15:00+00:00,2025-09-18,1,15,3,영상의학과,1,23.0,mixed,0,normal,0.05
2025-09-18T01:15:00+00:00,2025-09-18,1,15,3,정형외과,0,0.0,mixed,0,normal,0.0
2025-09-18T01:20:00+00:00,2025-09-18,1,20,3,정형외과,0,0.0,mixed,0,normal,0.0
2025-09-18T01:25:00+00:00,2025-09-18,1,25,3,X-ray실,0,0.0,mixed,0,normal,0.0
2025-09-18T01:25:00+00:00,2025-09-18,1,25,3,영상의학과,1,18.0,mixed,0,normal,0.05
2025-09-18T01:35:00+00:00,2025-09-18,1,35,3,내과,1,28.0,mixed,0,normal,0.05
2025-09-18T01:40:00+00:00,2025-09-18,1,40,3,정형외과,1,20.0,mixed,0,normal,0.05
2025-09-18T01:55:00+00:00,2025-09-18,1,55,3,내과,1,33.0,mixed,0,normal,0.05
2025-09-18T02:05:00+00:00,2025-09-18,2,5,3,X-ray실,1,9.0,mixed,0,normal,0.05
2025-09-18T02:05:00+00:00,2025-09-18,2,5,3,소아과,0,0.0,mixed,0,normal,0.0
2025-09-18T02:15:00+00:00,2025-09-18,2,15,3,내과,1,34.0,mixed,0,normal,0.05
2025-09-18T02:20:00+00:00,2025-09-18,2,20,3,영상의학과,0,0.0,mixed,0,normal,0.0
2025-09-18T02:35:00+00:00,2025-09-18,2,35,3,정형외과,1,25.0,mixed,0,normal,0.05
2025-09-18T03:05:00+00:00,2025-09-18,3,5,3,CT실,1,13.0,mixed,0,normal,0.05
2025-09-18T03:15:00+00:00,2025-09-18,3,15,3,MRI실,0,0.0,mixed,0,normal,0.0
2025-09-18T03:40:00+00:00,2025-09-18,3,40,3,정형외과,1,11.0,mixed,0,normal,0.05
2025-09-18T04:00:00+00:00,2025-09-18,4,0,3,내과,1,24.0,mixed,0,normal,0.05
2025-09-18T04:20:00+00:00,2025-09-18,4,20,3,진단검사의학과,1,8.0,mixed,0,normal,0.05
2025-09-18T04:40:00+00:00,2025-09-18,4,40,3,X-ray실,2,6.0,mixed,0,normal,0.1
2025-09-18T04:40:00+00:00,2025-09-18,4,40,3,정형외과,0,0.0,mixed,0,normal,0.0
2025-09-18T05:10:00+00:00,2025-09-18,5,10,3,영상의학과,0,0.0,mixed,0,normal,0.0
2025-09-18T05:15:00+00:00,2025-09-18,5,15,3,CT실,1,28.0,mixed,0,normal,0.05
2025-09-18T05:15:00+00:00,2025-09-18,5,15,3,영상의학과,0,0.0,mixed,0,normal,0.0
2025-09-18T05:25:00+00:00,2025-09-18,5,25,3,내과,0,0.0,mixed,0,normal,0.0
2025-09-18T05:45:00+00:00,2025-09-18,5,45,3,X-ray실,0,0.0,mixed,0,normal,0.0
2025-09-18T05:50:00+00:00,2025-09-18,5,50,3,영상의학과,0,0.0,mixed,0,normal,0.0
2025-09-18T05:55:00+00:00,2025-09-18,5,55,3,정형외과,1,22.0,mixed,0,normal,0.05
2025-09-18T05:55:00+00:00,2025-09-18,5,55,3,진단검사의학과,1,13.0,mixed,0,normal,0.05
2025-09-18T06:05:00+00:00,2025-09-18,6,5,3,영상의학과,0,0.0,mixed,0,normal,0.0
2025-09-18T06:05:00+00:00,2025-09-18,6,5,3,정형외과,0,0.0,mixed,0,normal,0.0
2025-09-18T06:15:00+00:00,2025-09-18,6,15,3,심장내과,0,0.0,mixed,0,normal,0.0
2025-09-18T06:45:00+00:00,2025-09-18,6,45,3,내과,0,0.0,mixed,0,normal,0.0
2025-09-18T06:45:00+00:00,2025-09-18,6,45,3,정형외과,1,19.0,mixed,0,normal,0.05
2025-09-18T07:15:00+00:00,2025-09-18,7,15,3,내과,0,0.0,mixed,0,normal,0.0
2025-09-18T07:20:00+00:00,2025-09-18,7,20,3,내과,0,0.0,mixed,0,normal,0.0
2025-09-18T07:25:00+00:00,2025-09-18,7,25,3,내과,1,18.0,mixed,0,normal,0.05
2025-09-19T00:05:00+00:00,2025-09-19,0,5,4,영상의학과,1,15.0,mixed,0,normal,0.05
2025-09-19T00:15:00+00:00,2025-09-19,0,15,4,심장내과,1,27.0,mixed,0,normal,0.05
2025-09-19T00:20:00+00:00,2025-09-19,0,20,4,정형외과,1,22.0,mixed,0,normal,0.05
2025-09-19T00:25:00+00:00,2025-09-19,0,25,4,정형외과,1,19.0,mixed,0,normal,0.05
2025-09-19T00:30:00+00:00,2025-09-19,0,30,4,내과,1,25.0,mixed,0,normal,0.05
2025-09-19T00:40:00+00:00,2025-09-19,0,40,4,진단검사의학과,1,13.0,mixed,0,normal,0.05
2025-09-19T01:10:00+00:00,2025-09-19,1,10,4,영상의학과,0,0.0,mixed,0,normal,0.0
2025-09-19T01:15:00+00:00,2025-09-19,1,15,4,내과,0,0.0,mixed,0,normal,0.0
2025-09-19T01:25:00+00:00,2025-09-19,1,25,4,내과,1,32.0,mixed,0,normal,0.05
2025-09-19T01:25:00+00:00,2025-09-19,1,25,4,진단검사의학과,0,0.0,mixed,0,normal,0.0
2025-09-19T01:40:00+00:00,2025-09-19,1,40,4,내과,1,28.0,mixed,0,normal,0.05
2025-09-19T01:55:00+00:00,2025-09-19,1,55,4,내과,1,41.0,mixed,0,normal,0.05
2025-09-19T01:55:00+00:00,2025-09-19,1,55,4,영상의학과,1,22.0,mixed,0,normal,0.05
2025-09-19T01:55:00+00:00,2025-09-19,1,55,4,정형외과,1,27.0,mixed,0,normal,0.05
2025-09-19T02:25:00+00:00,2025-09-19,2,25,4,내과,1,31.0,mixed,0,normal,0.05
2025-09-19T02:35:00+00:00,2025-09-19,2,35,4,정형외과,1,19.0,mixed,0,normal,0.05
2025-09-19T02:35:00+00:00,2025-09-19,2,35,4,진단검사의학과,1,13.0,mixed,0,normal,0.05
2025-09-19T02:40:00+00:00,2025-09-19,2,40,4,내과,1,35.0,mixed,0,normal,0.05
2025-09-19T03:05:00+00:00,2025-09-19,3,5,4,내과,1,15.0,mixed,0,normal,0.05
2025-09-19T03:25:00+00:00,2025-09-19,3,25,4,MRI실,1,18.0,mixed,0,normal,0.05
2025-09-19T03:30:00+00:00,2025-09-19,3,30,4,X-ray실,0,0.0,mixed,0,normal,0.0
2025-09-19T03:35:00+00:00,2025-09-19,3,35,4,CT실,0,0.0,mixed,0,normal,0.0
2025-09-19T03:35:00+00:00,2025-09-19,3,35,4,내과,1,15.0,mixed,0,normal,0.05
2025-09-19T04:00:00+00:00,2025-09-19,4,0,4,MRI실,1,29.0,mixed,0,normal,0.05
2025-09-19T04:05:00+00:00,2025-09-19,4,5,4,영상의학과,0,0.0,mixed,0,normal,0.0
2025-09-19T04:35:00+00:00,2025-09-19,4,35,4,MRI실,1,31.0,mixed,0,normal,0.05
2025-09-19T04:35:00+00:00,2025-09-19,4,35,4,내과,0,0.0,mixed,0,normal,0.0
2025-09-19T04:45:00+00:00,2025-09-19,4,45,4,X-ray실,1,5.0,mixed,0,normal,0.05
2025-09-19T04:50:00+00:00,2025-09-19,4,50,4,내과,1,17.0,mixed,0,normal,0.05
2025-09-19T04:55:00+00:00,2025-09-19,4,55,4,CT실,0,0.0,mixed,0,normal,0.0
2025-09-19T05:25:00+00:00,2025-09-19,5,25,4,정형외과,0,0.0,mixed,0,normal,0.0
2025-09-19T05:35:00+00:00,2025-09-19,5,35,4,내과,1,32.0,mixed,0,normal,0.05
2025-09-19T05:45:00+00:00,2025-09-19,5,45,4,내과,0,0.0,mixed,0,normal,0.0
2025-09-19T05:55:00+00:00,2025-09-19,5,55,4,내과,1,37.0,mixed,0,normal,0.05
2025-09-19T06:25:00+00:00,2025-09-19,6,25,4,정형외과,0,0.0,mixed,0,normal,0.0
2025-09-19T06:40:00+00:00,2025-09-19,6,40,4,영상의학과,1,14.0,mixed,0,normal,0.05
2025-09-19T07:05:00+00:00,2025-09-19,7,5,4,X-ray실,0,0.0,mixed,0,normal,0.0
2025-09-19T07:30:00+00:00,2025-09-19,7,30,4,정형외과,0,0.0,mixed,0,normal,0.0
2025-09-19T07:35:00+00:00,2025-09-19,7,35,4,CT실,0,0.0,mixed,0,normal,0.0
2025-09-19T07:50:00+00:00,2025-09-19,7,50,4,정형외과,0,0.0,mixed,0,normal,0.0
2025-09-19T08:00:00+00:00,2025-09-19,8,0,4,X-ray실,1,5.0,mixed,0,normal,0.05
2025-09-19T08:05:00+00:00,2025-09-19,8,5,4,영상의학과,0,0.0,mixed,0,normal,0.0
2025-09-19T08:50:00+00:00,2025-09-19,8,50,4,내과,1,8.0,mixed,0,normal,0.05
2025-09-19T08:50:00+00:00,2025-09-19,8,50,4,정형외과,0,0.0,mixed,0,normal,0.0
2025-09-19T23:35:00+00:00,2025-09-19,23,35,4,진단검사의학과,1,5.0,mixed,0,normal,0.05
2025-09-20T00:00:00+00:00,2025-09-20,0,0,5,CT실,1,21.0,mixed,0,normal,0.05
2025-09-20T00:50:00+00:00,2025-09-20,0,50,5,정형외과,1,21.0,mixed,0,normal,0.05
2025-09-20T00:55:00+00:00,2025-09-20,0,55,5,X-ray실,1,7.0,mixed,0,normal,0.05
2025-09-20T01:45:00+00:00,2025-09-20,1,45,5,정형외과,1,24.0,mixed,0,normal,0.05
2025-09-20T01:50:00+00:00,2025-09-20,1,50,5,내과,1,28.0,mixed,0,normal,0.05
2025-09-20T01:55:00+00:00,2025-09-20,1,55,5,영상의학과,0,0.0,mixed,0,normal,0.0
2025-09-20T02:15:00+00:00,2025-09-20,2,15,5,X-ray실,0,0.0,mixed,0,normal,0.0
2025-09-20T02:35:00+00:00,2025-09-20,2,35,5,심장내과,1,32.0,mixed,0,normal,0.05
2025-09-20T02:50:00+00:00,2025-09-20,2,50,5,영상의학과,1,21.0,mixed,0,normal,0.05
2025-09-20T03:00:00+00:00,2025-09-20,3,0,5,정형외과,1,12.0,mixed,0,normal,0.05
2025-09-20T03:15:00+00:00,2025-09-20,3,15,5,영상의학과,1,10.0,mixed,0,normal,0.05
2025-09-20T03:30:00+00:00,2025-09-20,3,30,5,X-ray실,0,0.0,mixed,0,normal,0.0
2025-09-20T03:50:00+00:00,2025-09-20,3,50,5,MRI실,0,0.0,mixed,0,normal,0.0
2025-09-20T05:00:00+00:00,2025-09-20,5,0,5,내과,0,0.0,mixed,0,normal,0.0
2025-09-20T05:45:00+00:00,2025-09-20,5,45,5,CT실,0,0.0,mixed,0,normal,0.0
2025-09-20T05:45:00+00:00,2025-09-20,5,45,5,MRI실,0,0.0,mixed,0,normal,0.0
2025-09-20T06:00:00+00:00,2025-09-20,6,0,5,내과,0,0.0,mixed,0,normal,0.0
2025-09-20T06:00:00+00:00,2025-09-20,6,0,5,정형외과,1,16.0,mixed,0,normal,0.05
2025-09-20T06:25:00+00:00,2025-09-20,6,25,5,내과,1,27.0,mixed,0,normal,0.05
2025-09-20T06:35:00+00:00,2025-09-20,6,35,5,내과,1,24.0,mixed,0,normal,0.05
2025-09-20T06:40:00+00:00,2025-09-20,6,40,5,내과,1,29.0,mixed,0,normal,0.05
2025-09-20T06:50:00+00:00,2025-09-20,6,50,5,영상의학과,1,14.0,mixed,0,normal,0.05
2025-09-20T07:10:00+00:00,2025-09-20,7,10,5,진단검사의학과,0,0.0,mixed,0,normal,0.0
2025-09-20T07:15:00+00:00,2025-09-20,7,15,5,내과,0,0.0,mixed,0,normal,0.0
2025-09-20T07:45:00+00:00,2025-09-20,7,45,5,정형외과,0,0.0,mixed,0,normal,0.0
2025-09-20T08:00:00+00:00,2025-09-20,8,0,5,정형외과,0,0.0,mixed,0,normal,0.0
2025-09-20T08:10:00+00:00,2025-09-20,8,10,5,내과,0,0.0,mixed,0,normal,0.0
2025-09-21T23:10:00+00:00,2025-09-21,23,10,6,정형외과,1,6.0,mixed,0,normal,0.05
2025-09-21T23:30:00+00:00,2025-09-21,23,30,6,영상의학과,1,5.0,mixed,0,normal,0.05
2025-09-22T00:05:00+00:00,2025-09-22,0,5,0,내과,1,23.0,mixed,0,normal,0.05
2025-09-22T00:05:00+00:00,2025-09-22,0,5,0,정형외과,1,17.0,mixed,0,normal,0.05
2025-09-22T00:25:00+00:00,2025-09-22,0,25,0,내과,0,0.0,mixed,0,normal,0.0
2025-09-22T00:30:00+00:00,2025-09-22,0,30,0,내과,2,26.0,mixed,0,normal,0.1
2025-09-22T00:30:00+00:00,2025-09-22,0,30,0,정형외과,2,17.0,mixed,0,normal,0.1
2025-09-22T00:35:00+00:00,2025-09-22,0,35,0,CT실,1,26.0,mixed,0,normal,0.05
2025-09-22T00:40:00+00:00,2025-09-22,0,40,0,내과,1,30.0,mixed,0,normal,0.05
2025-09-22T00:45:00+00:00,2025-09-22,0,45,0,X-ray실,0,0.0,mixed,0,normal,0.0
2025-09-22T00:45:00+00:00,2025-09-22,0,45,0,소아과,1,16.0,mixed,0,normal,0.05
2025-09-22T00:45:00+00:00,2025-09-22,0,45,0,정형외과,1,21.0,mixed,0,normal,0.05
2025-09-22T00:50:00+00:00,2025-09-22,0,50,0,내과,1,24.0,mixed,0,normal,0.05
2025-09-22T01:00:00+00:00,2025-09-22,1,0,0,X-ray실,1,9.0,mixed,0,normal,0.05
2025-09-22T01:05:00+00:00,2025-09-22,1,5,0,CT실,1,33.0,mixed,0,normal,0.05
2025-09-22T01:05:00+00:00,2025-09-22,1,5,0,심장내과,1,35.0,mixed,0,normal,0.05
2025-09-22T01:10:00+00:00,2025-09-22,1,10,0,내과,1,36.0,mixed,0,normal,0.05
2025-09-22T01:15:00+00:00,2025-09-22,1,15,0,영상의학과,1,17.0,mixed,0,normal,0.05
2025-09-22T01:20:00+00:00,2025-09-22,1,20,0,CT실,1,31.0,mixed,0,normal,0.05
2025-09-22T01:30:00+00:00,2025-09-22,1,30,0,CT실,1,25.0,mixed,0,normal,0.05
2025-09-22T01:30:00+00:00,2025-09-22,1,30,0,정형외과,0,0.0,mixed,0,normal,0.0
2025-09-22T02:15:00+00:00,2025-09-22,2,15,0,내과,1,35.0,mixed,0,normal,0.05
2025-09-22T02:40:00+00:00,2025-09-22,2,40,0,내과,1,30.0,mixed,0,normal,0.05
2025-09-22T02:50:00+00:00,2025-09-22,2,50,0,영상의학과,0,0.0,mixed,0,normal,0.0
2025-09-22T03:05:00+00:00,2025-09-22,3,5,0,영상의학과,1,10.0,mixed,0,normal,0.05
2025-09-22T03:10:00+00:00,2025-09-22,3,10,0,영상의학과,1,9.0,mixed,0,normal,0.05
2025-09-22T03:40:00+00:00,2025-09-22,3,40,0,MRI실,1,22.0,mixed,0,normal,0.05
2025-09-22T03:40:00+00:00,2025-09-22,3,40,0,X-ray실,1,5.0,mixed,0,normal,0.05
2025-09-22T03:45:00+00:00,2025-09-22,3,45,0,내과,0,0.0,mixed,0,normal,0.0
2025-09-22T03:55:00+00:00,2025-09-22,3,55,0,MRI실,1,25.0,mixed,0,normal,0.05
2025-09-22T04:00:00+00:00,2025-09-22,4,0,0,정형외과,1,13.0,mixed,0,normal,0.05
2025-09-22T04:00:00+00:00,2025-09-22,4,0,0,진단검사의학과,1,10.0,mixed,0,normal,0.05
2025-09-22T04:05:00+00:00,2025-09-22,4,5,0,내과,0,0.0,mixed,0,normal,0.0
2025-09-22T04:15:00+00:00,2025-09-22,4,15,0,내과,1,20.0,mixed,0,normal,0.05
2025-09-22T04:25:00+00:00,2025-09-22,4,25,0,내과,1,24.0,mixed,0,normal,0.05
2025-09-22T04:25:00+00:00,2025-09-22,4,25,0,진단검사의학과,1,9.0,mixed,0,normal,0.05
2025-09-22T04:30:00+00:00,2025-09-22,4,30,0,심장내과,1,17.0,mixed,0,normal,0.05
2025-09-22T04:35:00+00:00,2025-09-22,4,35,0,진단검사의학과,0,0.0,mixed,0,normal,0.0
2025-09-22T05:05:00+00:00,2025-09-22,5,5,0,영상의학과,0,0.0,mixed,0,normal,0.0
2025-09-22T05:10:00+00:00,2025-09-22,5,10,0,내과,1,27.0,mixed,0,normal,0.05
2025-09-22T05:15:00+00:00,2025-09-22,5,15,0,내과,1,27.0,mixed,0,normal,0.05
2025-09-22T05:15:00+00:00,2025-09-22,5,15,0,영상의학과,0,0.0,mixed,0,normal,0.0
2025-09-22T05:25:00+00:00,2025-09-22,5,25,0,MRI실,0,0.0,mixed,0,normal,0.0
2025-09-22T05:40:00+00:00,2025-09-22,5,40,0,진단검사의학과,1,14.0,mixed,0,normal,0.05
2025-09-22T05:45:00+00:00,2025-09-22,5,45,0,정형외과,0,0.0,mixed,0,normal,0.0
2025-09-22T06:00:00+00:00,2025-09-22,6,0,0,X-ray실,0,0.0,mixed,0,normal,0.0
2025-09-22T06:05:00+00:00,2025-09-22,6,5,0,내과,0,0.0,mixed,0,normal,0.0
2025-09-22T06:15:00+00:00,2025-09-22,6,15,0,정형외과,0,0.0,mixed,0,normal,0.0
2025-09-22T07:00:00+00:00,2025-09-22,7,0,0,MRI실,0,0.0,mixed,0,normal,0.0
2025-09-22T07:20:00+00:00,2025-09-22,7,20,0,내과,0,0.0,mixed,0,normal,0.0
2025-09-22T07:25:00+00:00,2025-09-22,7,25,0,CT실,1,16.0,mixed,0,normal,0.05
2025-09-22T07:25:00+00:00,2025-09-22,7,25,0,내과,0,0.0,mixed,0,normal,0.0
2025-09-22T07:35:00+00:00,2025-09-22,7,35,0,정형외과,1,17.0,mixed,0,normal,0.05
2025-09-22T07:45:00+00:00,2025-09-22,7,45,0,X-ray실,1,7.0,mixed,0,normal,0.05
2025-09-22T07:50:00+00:00,2025-09-22,7,50,0,X-ray실,0,0.0,mixed,0,normal,0.0
2025-09-22T07:50:00+00:00,2025-09-22,7,50,0,내과,0,0.0,mixed,0,normal,0.0
2025-09-22T07:50:00+00:00,2025-09-22,7,50,0,정형외과,1,13.0,mixed,0,normal,0.05
2025-09-22T08:10:00+00:00,2025-09-22,8,10,0,영상의학과,0,0.0,mixed,0,normal,0.0
2025-09-22T08:10:00+00:00,2025-09-22,8,10,0,정형외과,0,0.0,mixed,0,normal,0.0
2025-09-22T08:35:00+00:00,2025-09-22,8,35,0,영상의학과,1,5.0,mixed,0,normal,0.05
2025-09-22T08:40:00+00:00,2025-09-22,8,40,0,정형외과,0,0.0,mixed,0,normal,0.0
2025-09-22T23:00:00+00:00,2025-09-22,23,0,0,X-ray실,1,5.0,mixed,0,normal,0.05
2025-09-22T23:20:00+00:00,2025-09-22,23,20,0,내과,1,11.0,mixed,0,normal,0.05
2025-09-23T00:00:00+00:00,2025-09-23,0,0,1,영상의학과,1,18.0,mixed,0,normal,0.05
2025-09-23T00:05:00+00:00,2025-09-23,0,5,1,X-ray실,1,7.0,mixed,0,normal,0.05
2025-09-23T00:05:00+00:00,2025-09-23,0,5,1,영상의학과,2,14.5,mixed,0,normal,0.1
2025-09-23T00:25:00+00:00,2025-09-23,0,25,1,내과,1,23.0,mixed,0,normal,0.05
2025-09-23T00:40:00+00:00,2025-09-23,0,40,1,내과,2,27.0,mixed,0,normal,0.1
2025-09-23T00:45:00+00:00,2025-09-23,0,45,1,내과,1,31.0,mixed,0,normal,0.05
2025-09-23T01:00:00+00:00,2025-09-23,1,0,1,MRI실,1,47.0,mixed,0,normal,0.05
2025-09-23T01:00:00+00:00,2025-09-23,1,0,1,X-ray실,1,11.0,mixed,0,normal,0.05
2025-09-23T01:05:00+00:00,2025-09-23,1,5,1,정형외과,1,29.0,mixed,0,normal,0.05
2025-09-23T01:10:00+00:00,2025-09-23,1,10,1,영상의학과,1,20.0,mixed,0,normal,0.05
2025-09-23T01:35:00+00:00,2025-09-23,1,35,1,정형외과,1,20.0,mixed,0,normal,0.05
2025-09-23T01:40:00+00:00,2025-09-23,1,40,1,내과,0,0.0,mixed,0,normal,0.0
2025-09-23T01:50:00+00:00,2025-09-23,1,50,1,내과,0,0.0,mixed,0,normal,0.0
2025-09-23T01:55:00+00:00,2025-09-23,1,55,1,정형외과,0,0.0,mixed,0,normal,0.0
2025-09-23T02:05:00+00:00,2025-09-23,2,5,1,심장내과,1,29.0,mixed,0,normal,0.05
2025-09-23T02:20:00+00:00,2025-09-23,2,20,1,MRI실,1,33.0,mixed,0,normal,0.05
2025-09-23T02:40:00+00:00,2025-09-23,2,40,1,CT실,0,0.0,mixed,0,normal,0.0
2025-09-23T02:40:00+00:00,2025-09-23,2,40,1,소아과,1,20.0,mixed,0,normal,0.05
2025-09-23T02:50:00+00:00,2025-09-23,2,50,1,내과,1,35.0,mixed,0,normal,0.05
2025-09-23T03:10:00+00:00,2025-09-23,3,10,1,CT실,1,17.0,mixed,0,normal,0.05
2025-09-23T03:30:00+00:00,2025-09-23,3,30,1,진단검사의학과,1,6.0,mixed,0,normal,0.05
2025-09-23T04:20:00+00:00,2025-09-23,4,20,1,내과,1,24.0,mixed,0,normal,0.05
2025-09-23T04:40:00+00:00,2025-09-23,4,40,1,정형외과,1,15.0,mixed,0,normal,0.05
2025-09-23T04:45:00+00:00,2025-09-23,4,45,1,영상의학과,1,14.0,mixed,0,normal,0.05
2025-09-23T04:55:00+00:00,2025-09-23,4,55,1,정형외과,0,0.0,mixed,0,normal,0.0
2025-09-23T05:25:00+00:00,2025-09-23,5,25,1,정형외과,0,0.0,mixed,0,normal,0.0
2025-09-23T05:30:00+00:00,2025-09-23,5,30,1,X-ray실,0,0.0,mixed,0,normal,0.0
2025-09-23T05:35:00+00:00,2025-09-23,5,35,1,내과,1,30.0,mixed,0,normal,0.05
2025-09-23T05:45:00+00:00,2025-09-23,5,45,1,심장내과,0,0.0,mixed,0,normal,0.0
2025-09-23T05:55:00+00:00,2025-09-23,5,55,1,진단검사의학과,0,0.0,mixed,0,normal,0.0
2025-09-23T06:15:00+00:00,2025-09-23,6,15,1,내과,1,30.0,mixed,0,normal,0.05
2025-09-23T06:20:00+00:00,2025-09-23,6,20,1,정형외과,0,0.0,mixed,0,normal,0.0
2025-09-23T06:25:00+00:00,2025-09-23,6,25,1,MRI실,0,0.0,mixed,0,normal,0.0
2025-09-23T06:25:00+00:00,2025-09-23,6,25,1,내과,0,0.0,mixed,0,normal,0.0
2025-09-23T06:50:00+00:00,2025-09-23,6,50,1,X-ray실,0,0.0,mixed,0,normal,0.0
2025-09-23T06:55:00+00:00,2025-09-23,6,55,1,영상의학과,1,14.0,mixed,0,normal,0.05
2025-09-23T07:05:00+00:00,2025-09-23,7,5,1,영상의학과,0,0.0,mixed,0,normal,0.0
2025-09-23T07:10:00+00:00,2025-09-23,7,10,1,정형외과,0,0.0,mixed,0,normal,0.0
2025-09-23T07:20:00+00:00,2025-09-23,7,20,1,내과,1,18.0,mixed,0,normal,0.05
2025-09-23T07:30:00+00:00,2025-09-23,7,30,1,정형외과,1,15.0,mixed,0,normal,0.05
2025-09-23T07:35:00+00:00,2025-09-23,7,35,1,CT실,0,0.0,mixed,0,normal,0.0
2025-09-23T07:35:00+00:00,2025-09-23,7,35,1,내과,0,0.0,mixed,0,normal,0.0
2025-09-23T07:55:00+00:00,2025-09-23,7,55,1,진단검사의학과,1,8.0,mixed,0,normal,0.05
2025-09-23T08:55:00+00:00,2025-09-23,8,55,1,CT실,1,7.0,mixed,0,normal,0.05
2025-09-23T23:15:00+00:00,2025-09-23,23,15,1,진단검사의학과,0,0.0,mixed,0,normal,0.0
2025-09-24T00:15:00+00:00,2025-09-24,0,15,2,내과,2,28.0,mixed,0,normal,0.1
2025-09-24T00:20:00+00:00,2025-09-24,0,20,2,영상의학과,1,15.0,mixed,0,normal,0.05
2025-09-24T00:30:00+00:00,2025-09-24,0,30,2,MRI실,1,42.0,mixed,0,normal,0.05
2025-09-24T00:45:00+00:00,2025-09-24,0,45,2,내과,1,22.0,mixed,0,normal,0.05
2025-09-24T01:15:00+00:00,2025-09-24,1,15,2,정형외과,0,0.0,mixed,0,normal,0.0
2025-09-24T01:20:00+00:00,2025-09-24,1,20,2,정형외과,2,23.0,mixed,0,normal,0.1
2025-09-24T01:25:00+00:00,2025-09-24,1,25,2,MRI실,0,0.0,mixed,0,normal,0.0
2025-09-24T01:40:00+00:00,2025-09-24,1,40,2,영상의학과,1,17.0,mixed,0,normal,0.05
2025-09-24T01:45:00+00:00,2025-09-24,1,45,2,MRI실,1,40.0,mixed,0,normal,0.05
2025-09-24T01:50:00+00:00,2025-09-24,1,50,2,영상의학과,1,22.0,mixed,0,normal,0.05
2025-09-24T02:05:00+00:00,2025-09-24,2,5,2,내과,0,0.0,mixed,0,normal,0.0
2025-09-24T02:10:00+00:00,2025-09-24,2,10,2,내과,0,0.0,mixed,0,normal,0.0
2025-09-24T02:15:00+00:00,2025-09-24,2,15,2,내과,1,27.0,mixed,0,normal,0.05
2025-09-24T02:20:00+00:00,2025-09-24,2,20,2,소아과,0,0.0,mixed,0,normal,0.0
2025-09-24T02:25:00+00:00,2025-09-24,2,25,2,내과,0,0.0,mixed,0,normal,0.0
2025-09-24T02:50:00+00:00,2025-09-24,2,50,2,영상의학과,1,16.0,mixed,0,normal,0.05
2025-09-24T03:20:00+00:00,2025-09-24,3,20,2,정형외과,1,12.0,mixed,0,normal,0.05
2025-09-24T03:40:00+00:00,2025-09-24,3,40,2,심장내과,0,0.0,mixed,0,normal,0.0
2025-09-24T04:00:00+00:00,2025-09-24,4,0,2,내과,0,0.0,mixed,0,normal,0.0
2025-09-24T04:05:00+00:00,2025-09-24,4,5,2,내과,0,0.0,mixed,0,normal,0.0
2025-09-24T04:30:00+00:00,2025-09-24,4,30,2,X-ray실,1,6.0,mixed,0,normal,0.05
2025-09-24T04:30:00+00:00,2025-09-24,4,30,2,내과,1,22.0,mixed,0,normal,0.05
2025-09-24T04:35:00+00:00,2025-09-24,4,35,2,X-ray실,1,5.0,mixed,0,normal,0.05
2025-09-24T05:15:00+00:00,2025-09-24,5,15,2,X-ray실,0,0.0,mixed,0,normal,0.0
2025-09-24T05:25:00+00:00,2025-09-24,5,25,2,CT실,1,23.0,mixed,0,normal,0.05
2025-09-24T05:25:00+00:00,2025-09-24,5,25,2,정형외과,0,0.0,mixed,0,normal,0.0
2025-09-24T05:35:00+00:00,2025-09-24,5,35,2,CT실,1,30.0,mixed,0,normal,0.05
2025-09-24T05:35:00+00:00,2025-09-24,5,35,2,영상의학과,1,16.0,mixed,0,normal,0.05
2025-09-24T05:40:00+00:00,2025-09-24,5,40,2,CT실,1,24.0,mixed,0,normal,0.05
2025-09-24T05:40:00+00:00,2025-09-24,5,40,2,내과,0,0.0,mixed,0,normal,0.0
2025-09-24T05:40:00+00:00,2025-09-24,5,40,2,정형외과,0,0.0,mixed,0,normal,0.0
2025-09-24T05:45:00+00:00,2025-09-24,5,45,2,영상의학과,1,17.0,mixed,0,normal,0.05
2025-09-24T06:00:00+00:00,2025-09-24,6,0,2,내과,1,26.0,mixed,0,normal,0.05
2025-09-24T06:00:00+00:00,2025-09-24,6,0,2,정형외과,1,20.0,mixed,0,normal,0.05
2025-09-24T06:15:00+00:00,2025-09-24,6,15,2,정형외과,0,0.0,mixed,0,normal,0.0
2025-09-24T06:15:00+00:00,2025-09-24,6,15,2,진단검사의학과,0,0.0,mixed,0,normal,0.0
2025-09-24T06:25:00+00:00,2025-09-24,6,25,2,MRI실,0,0.0,mixed,0,normal,0.0
2025-09-24T07:15:00+00:00,2025-09-24,7,15,2,영상의학과,1,13.0,mixed,0,normal,0.05
2025-09-24T07:20:00+00:00,2025-09-24,7,20,2,내과,0,0.0,mixed,0,normal,0.0
2025-09-24T07:35:00+00:00,2025-09-24,7,35,2,X-ray실,0,0.0,mixed,0,normal,0.0
2025-09-24T07:50:00+00:00,2025-09-24,7,50,2,CT실,0,0.0,mixed,0,normal,0.0
2025-09-24T08:00:00+00:00,2025-09-24,8,0,2,정형외과,0,0.0,mixed,0,normal,0.0
2025-09-24T08:35:00+00:00,2025-09-24,8,35,2,심장내과,0,0.0,mixed,0,normal,0.0
2025-09-24T08:45:00+00:00,2025-09-24,8,45,2,내과,1,11.0,mixed,0,normal,0.05
2025-09-24T08:45:00+00:00,2025-09-24,8,45,2,진단검사의학과,1,5.0,mixed,0,normal,0.05
2025-09-24T08:50:00+00:00,2025-09-24,8,50,2,X-ray실,0,0.0,mixed,0,normal,0.0
2025-09-24T23:05:00+00:00,2025-09-24,23,5,2,CT실,1,8.0,mixed,0,normal,0.05
2025-09-24T23:30:00+00:00,2025-09-24,23,30,2,심장내과,1,8.0,mixed,0,normal,0.05
2025-09-24T23:40:00+00:00,2025-09-24,23,40,2,내과,1,10.0,mixed,0,normal,0.05
2025-09-24T23:50:00+00:00,2025-09-24,23,50,2,정형외과,1,7.0,mixed,0,normal,0.05
2025-09-25T00:00:00+00:00,2025-09-25,0,0,3,내과,1,32.0,mixed,0,normal,0.05
2025-09-25T00:05:00+00:00,2025-09-25,0,5,3,정형외과,1,22.0,mixed,0,normal,0.05
2025-09-25T00:10:00+00:00,2025-09-25,0,10,3,내과,0,0.0,mixed,0,normal,0.0
2025-09-25T00:30:00+00:00,2025-09-25,0,30,3,심장내과,1,26.0,mixed,0,normal,0.05
2025-09-25T01:10:00+00:00,2025-09-25,1,10,3,CT실,1,25.0,mixed,0,normal,0.05
2025-09-25T01:40:00+00:00,2025-09-25,1,40,3,영상의학과,1,21.0,mixed,0,normal,0.05
2025-09-25T01:40:00+00:00,2025-09-25,1,40,3,정형외과,0,0.0,mixed,0,normal,0.0
2025-09-25T01:45:00+00:00,2025-09-25,1,45,3,CT실,1,32.0,mixed,0,normal,0.05
2025-09-25T02:05:00+00:00,2025-09-25,2,5,3,영상의학과,0,0.0,mixed,0,normal,0.0
2025-09-25T02:05:00+00:00,2025-09-25,2,5,3,정형외과,1,24.0,mixed,0,normal,0.05
2025-09-25T02:15:00+00:00,2025-09-25,2,15,3,내과,1,34.0,mixed,0,normal,0.05
2025-09-25T02:20:00+00:00,2025-09-25,2,20,3,MRI실,1,36.0,mixed,0,normal,0.05
2025-09-25T02:20:00+00:00,2025-09-25,2,20,3,영상의학과,1,18.0,mixed,0,normal,0.05
2025-09-25T02:20:00+00:00,2025-09-25,2,20,3,정형외과,1,18.0,mixed,0,normal,0.05
2025-09-25T02:30:00+00:00,2025-09-25,2,30,3,내과,1,30.0,mixed,0,normal,0.05
2025-09-25T02:40:00+00:00,2025-09-25,2,40,3,MRI실,1,48.0,mixed,0,normal,0.05
2025-09-25T02:40:00+00:00,2025-09-25,2,40,3,내과,1,27.0,mixed,0,normal,0.05
2025-09-25T02:55:00+00:00,2025-09-25,2,55,3,X-ray실,1,10.0,mixed,0,normal,0.05
2025-09-25T03:00:00+00:00,2025-09-25,3,0,3,영상의학과,1,11.0,mixed,0,normal,0.05
2025-09-25T03:40:00+00:00,2025-09-25,3,40,3,내과,1,19.0,mixed,0,normal,0.05
2025-09-25T04:00:00+00:00,2025-09-25,4,0,3,MRI실,0,0.0,mixed,0,normal,0.0
2025-09-25T04:00:00+00:00,2025-09-25,4,0,3,소아과,0,0.0,mixed,0,normal,0.0
2025-09-25T04:10:00+00:00,2025-09-25,4,10,3,영상의학과,1,11.0,mixed,0,normal,0.05
2025-09-25T04:20:00+00:00,2025-09-25,4,20,3,X-ray실,1,5.0,mixed,0,normal,0.05
2025-09-25T04:30:00+00:00,2025-09-25,4,30,3,X-ray실,1,5.0,mixed,0,normal,0.05
2025-09-25T04:30:00+00:00,2025-09-25,4,30,3,내과,1,20.0,mixed,0,normal,0.05
2025-09-25T04:35:00+00:00,2025-09-25,4,35,3,정형외과,1,17.0,mixed,0,normal,0.05
2025-09-25T04:45:00+00:00,2025-09-25,4,45,3,CT실,0,0.0,mixed,0,normal,0.0
2025-09-25T04:50:00+00:00,2025-09-25,4,50,3,내과,1,22.0,mixed,0,normal,0.05
2025-09-25T05:05:00+00:00,2025-09-25,5,5,3,내과,1,25.0,mixed,0,normal,0.05
2025-09-25T05:05:00+00:00,2025-09-25,5,5,3,정형외과,0,0.0,mixed,0,normal,0.0
2025-09-25T05:25:00+00:00,2025-09-25,5,25,3,정형외과,0,0.0,mixed,0,normal,0.0
2025-09-25T05:30:00+00:00,2025-09-25,5,30,3,진단검사의학과,1,11.0,mixed,0,normal,0.05
2025-09-25T05:45:00+00:00,2025-09-25,5,45,3,X-ray실,0,0.0,mixed,0,normal,0.0
2025-09-25T05:55:00+00:00,2025-09-25,5,55,3,진단검사의학과,0,0.0,mixed,0,normal,0.0
2025-09-25T06:00:00+00:00,2025-09-25,6,0,3,내과,1,26.0,mixed,0,normal,0.05
2025-09-25T06:05:00+00:00,2025-09-25,6,5,3,내과,0,0.0,mixed,0,normal,0.0
2025-09-25T06:20:00+00:00,2025-09-25,6,20,3,정형외과,1,23.0,mixed,0,normal,0.05
2025-09-25T06:25:00+00:00,2025-09-25,6,25,3,내과,0,0.0,mixed,0,normal,0.0
2025-09-25T06:40:00+00:00,2025-09-25,6,40,3,영상의학과,1,16.0,mixed,0,normal,0.05
2025-09-25T06:50:00+00:00,2025-09-25,6,50,3,내과,1,32.0,mixed,0,normal,0.05
2025-09-25T06:50:00+00:00,2025-09-25,6,50,3,영상의학과,0,0.0,mixed,0,normal,0.0
2025-09-25T06:50:00+00:00,2025-09-25,6,50,3,진단검사의학과,1,13.0,mixed,0,normal,0.05
2025-09-25T07:00:00+00:00,2025-09-25,7,0,3,X-ray실,1,6.0,mixed,0,normal,0.05
2025-09-25T07:05:00+00:00,2025-09-25,7,5,3,영상의학과,0,0.0,mixed,0,normal,0.0
2025-09-25T07:15:00+00:00,2025-09-25,7,15,3,MRI실,0,0.0,mixed,0,normal,0.0
2025-09-25T07:25:00+00:00,2025-09-25,7,25,3,내과,1,17.0,mixed,0,normal,0.05
2025-09-25T07:25:00+00:00,2025-09-25,7,25,3,정형외과,1,14.0,mixed,0,normal,0.05
2025-09-26T00:15:00+00:00,2025-09-26,0,15,4,MRI실,0,0.0,mixed,0,normal,0.0
2025-09-26T00:30:00+00:00,2025-09-26,0,30,4,정형외과,1,21.0,mixed,0,normal,0.05
2025-09-26T00:35:00+00:00,2025-09-26,0,35,4,CT실,0,0.0,mixed,0,normal,0.0
2025-09-26T00:35:00+00:00,2025-09-26,0,35,4,내과,1,28.0,mixed,0,normal,0.05
2025-09-26T00:40:00+00:00,2025-09-26,0,40,4,내과,1,26.0,mixed,0,normal,0.05
2025-09-26T00:45:00+00:00,2025-09-26,0,45,4,영상의학과,1,17.0,mixed,0,normal,0.05
2025-09-26T01:05:00+00:00,2025-09-26,1,5,4,진단검사의학과,0,0.0,mixed,0,normal,0.0
2025-09-26T01:10:00+00:00,2025-09-26,1,10,4,내과,0,0.0,mixed,0,normal,0.0
2025-09-26T01:15:00+00:00,2025-09-26,1,15,4,내과,0,0.0,mixed,0,normal,0.0
2025-09-26T01:20:00+00:00,2025-09-26,1,20,4,진단검사의학과,1,15.0,mixed,0,normal,0.05
2025-09-26T01:30:00+00:00,2025-09-26,1,30,4,CT실,1,32.0,mixed,0,normal,0.05
2025-09-26T01:55:00+00:00,2025-09-26,1,55,4,MRI실,0,0.0,mixed,0,normal,0.0
2025-09-26T02:05:00+00:00,2025-09-26,2,5,4,내과,1,34.0,mixed,0,normal,0.05
2025-09-26T02:15:00+00:00,2025-09-26,2,15,4,내과,1,29.0,mixed,0,normal,0.05
2025-09-26T02:35:00+00:00,2025-09-26,2,35,4,X-ray실,1,7.0,mixed,0,normal,0.05
2025-09-26T02:50:00+00:00,2025-09-26,2,50,4,정형외과,2,22.5,mixed,0,normal,0.1
2025-09-26T03:30:00+00:00,2025-09-26,3,30,4,내과,2,15.5,mixed,0,normal,0.1
2025-09-26T03:50:00+00:00,2025-09-26,3,50,4,내과,1,19.0,mixed,0,normal,0.05
2025-09-26T03:55:00+00:00,2025-09-26,3,55,4,X-ray실,1,5.0,mixed,0,normal,0.05
2025-09-26T04:00:00+00:00,2025-09-26,4,0,4,영상의학과,1,11.0,mixed,0,normal,0.05
2025-09-26T04:30:00+00:00,2025-09-26,4,30,4,심장내과,1,21.0,mixed,0,normal,0.05
2025-09-26T04:40:00+00:00,2025-09-26,4,40,4,X-ray실,1,6.0,mixed,0,normal,0.05
2025-09-26T05:00:00+00:00,2025-09-26,5,0,4,내과,0,0.0,mixed,0,normal,0.0
2025-09-26T05:05:00+00:00,2025-09-26,5,5,4,CT실,1,24.0,mixed,0,normal,0.05
2025-09-26T05:05:00+00:00,2025-09-26,5,5,4,내과,0,0.0,mixed,0,normal,0.0
2025-09-26T05:25:00+00:00,2025-09-26,5,25,4,MRI실,0,0.0,mixed,0,normal,0.0
2025-09-26T05:25:00+00:00,2025-09-26,5,25,4,내과,0,0.0,mixed,0,normal,0.0
2025-09-26T05:25:00+00:00,2025-09-26,5,25,4,영상의학과,0,0.0,mixed,0,normal,0.0
2025-09-26T05:30:00+00:00,2025-09-26,5,30,4,정형외과,1,19.0,mixed,0,normal,0.05
2025-09-26T05:35:00+00:00,2025-09-26,5,35,4,영상의학과,0,0.0,mixed,0,normal,0.0
2025-09-26T05:40:00+00:00,2025-09-26,5,40,4,정형외과,0,0.0,mixed,0,normal,0.0
2025-09-26T05:55:00+00:00,2025-09-26,5,55,4,내과,0,0.0,mixed,0,normal,0.0
2025-09-26T06:15:00+00:00,2025-09-26,6,15,4,내과,0,0.0,mixed,0,normal,0.0
2025-09-26T06:20:00+00:00,2025-09-26,6,20,4,정형외과,1,16.0,mixed,0,normal,0.05
2025-09-26T06:50:00+00:00,2025-09-26,6,50,4,내과,0,0.0,mixed,0,normal,0.0
2025-09-26T06:50:00+00:00,2025-09-26,6,50,4,정형외과,0,0.0,mixed,0,normal,0.0
2025-09-26T06:55:00+00:00,2025-09-26,6,55,4,X-ray실,1,7.0,mixed,0,normal,0.05
2025-09-26T07:50:00+00:00,2025-09-26,7,50,4,진단검사의학과,0,0.0,mixed,0,normal,0.0
2025-09-26T08:05:00+00:00,2025-09-26,8,5,4,정형외과,1,8.0,mixed,0,normal,0.05
2025-09-26T08:35:00+00:00,2025-09-26,8,35,4,영상의학과,0,0.0,mixed,0,normal,0.0
2025-09-26T08:40:00+00:00,2025-09-26,8,40,4,정형외과,0,0.0,mixed,0,normal,0.0
2025-09-26T23:30:00+00:00,2025-09-26,23,30,4,내과,1,11.0,mixed,0,normal,0.05
2025-09-26T23:40:00+00:00,2025-09-26,23,40,4,내과,1,10.0,mixed,0,normal,0.05
2025-09-27T00:05:00+00:00,2025-09-27,0,5,5,영상의학과,1,17.0,mixed,0,normal,0.05
2025-09-27T00:10:00+00:00,2025-09-27,0,10,5,내과,1,32.0,mixed,0,normal,0.05
2025-09-27T00:15:00+00:00,2025-09-27,0,15,5,정형외과,1,19.0,mixed,0,normal,0.05
2025-09-27T00:30:00+00:00,2025-09-27,0,30,5,내과,1,26.0,mixed,0,normal,0.05
2025-09-27T01:00:00+00:00,2025-09-27,1,0,5,CT실,1,26.0,mixed,0,normal,0.05
2025-09-27T01:15:00+00:00,2025-09-27,1,15,5,MRI실,1,36.0,mixed,0,normal,0.05
2025-09-27T01:45:00+00:00,2025-09-27,1,45,5,정형외과,1,21.0,mixed,0,normal,0.05
2025-09-27T02:00:00+00:00,2025-09-27,2,0,5,내과,1,35.0,mixed,0,normal,0.05
2025-09-27T02:05:00+00:00,2025-09-27,2,5,5,CT실,0,0.0,mixed,0,normal,0.0
2025-09-27T02:05:00+00:00,2025-09-27,2,5,5,X-ray실,1,9.0,mixed,0,normal,0.05
2025-09-27T02:25:00+00:00,2025-09-27,2,25,5,내과,1,36.0,mixed,0,normal,0.05
2025-09-27T02:35:00+00:00,2025-09-27,2,35,5,진단검사의학과,0,0.0,mixed,0,normal,0.0
2025-09-27T03:10:00+00:00,2025-09-27,3,10,5,영상의학과,2,8.5,mixed,0,normal,0.1
2025-09-27T03:35:00+00:00,2025-09-27,3,35,5,내과,0,0.0,mixed,0,normal,0.0
2025-09-27T03:35:00+00:00,2025-09-27,3,35,5,정형외과,1,14.0,mixed,0,normal,0.05
2025-09-27T04:00:00+00:00,2025-09-27,4,0,5,정형외과,0,0.0,mixed,0,normal,0.0
2025-09-27T04:30:00+00:00,2025-09-27,4,30,5,내과,1,21.0,mixed,0,normal,0.05
2025-09-27T04:45:00+00:00,2025-09-27,4,45,5,내과,1,20.0,mixed,0,normal,0.05
2025-09-27T05:40:00+00:00,2025-09-27,5,40,5,정형외과,0,0.0,mixed,0,normal,0.0
2025-09-27T06:20:00+00:00,2025-09-27,6,20,5,내과,0,0.0,mixed,0,normal,0.0
2025-09-27T06:20:00+00:00,2025-09-27,6,20,5,진단검사의학과,0,0.0,mixed,0,normal,0.0
2025-09-27T06:30:00+00:00,2025-09-27,6,30,5,X-ray실,0,0.0,mixed,0,normal,0.0
2025-09-27T06:35:00+00:00,2025-09-27,6,35,5,영상의학과,1,16.0,mixed,0,normal,0.05
2025-09-27T06:50:00+00:00,2025-09-27,6,50,5,정형외과,0,0.0,mixed,0,normal,0.0
2025-09-27T07:45:00+00:00,2025-09-27,7,45,5,심장내과,0,0.0,mixed,0,normal,0.0
2025-09-27T08:20:00+00:00,2025-09-27,8,20,5,X-ray실,1,5.0,mixed,0,normal,0.05
2025-09-28T23:15:00+00:00,2025-09-28,23,15,6,내과,1,8.0,mixed,0,normal,0.05
2025-09-28T23:15:00+00:00,2025-09-28,23,15,6,영상의학과,1,6.0,mixed,0,normal,0.05
2025-09-28T23:35:00+00:00,2025-09-28,23,35,6,영상의학과,1,6.0,mixed,0,normal,0.05
2025-09-28T23:40:00+00:00,2025-09-28,23,40,6,MRI실,1,11.0,mixed,0,normal,0.05
2025-09-28T23:50:00+00:00,2025-09-28,23,50,6,내과,1,10.0,mixed,0,normal,0.05
2025-09-29T00:05:00+00:00,2025-09-29,0,5,0,MRI실,0,0.0,mixed,0,normal,0.0
2025-09-29T00:10:00+00:00,2025-09-29,0,10,0,심장내과,1,20.0,mixed,0,normal,0.05
2025-09-29T00:15:00+00:00,2025-09-29,0,15,0,영상의학과,1,17.0,mixed,0,normal,0.05
2025-09-29T00:15:00+00:00,2025-09-29,0,15,0,정형외과,0,0.0,mixed,0,normal,0.0
2025-09-29T00:25:00+00:00,2025-09-29,0,25,0,정형외과,0,0.0,mixed,0,normal,0.0
2025-09-29T00:35:00+00:00,2025-09-29,0,35,0,정형외과,0,0.0,mixed,0,normal,0.0
2025-09-29T00:45:00+00:00,2025-09-29,0,45,0,X-ray실,0,0.0,mixed,0,normal,0.0
2025-09-29T00:55:00+00:00,2025-09-29,0,55,0,내과,1,33.0,mixed,0,normal,0.05
2025-09-29T01:00:00+00:00,2025-09-29,1,0,0,X-ray실,1,9.0,mixed,0,normal,0.05
2025-09-29T01:10:00+00:00,2025-09-29,1,10,0,소아과,1,23.0,mixed,0,normal,0.05
2025-09-29T01:15:00+00:00,2025-09-29,1,15,0,내과,1,32.0,mixed,0,normal,0.05
2025-09-29T01:20:00+00:00,2025-09-29,1,20,0,MRI실,1,53.0,mixed,0,normal,0.05
2025-09-29T01:30:00+00:00,2025-09-29,1,30,0,CT실,1,30.0,mixed,0,normal,0.05
2025-09-29T01:35:00+00:00,2025-09-29,1,35,0,정형외과,1,26.0,mixed,0,normal,0.05
2025-09-29T01:40:00+00:00,2025-09-29,1,40,0,CT실,0,0.0,mixed,0,normal,0.0
2025-09-29T01:40:00+00:00,2025-09-29,1,40,0,내과,1,34.0,mixed,0,normal,0.05
2025-09-29T01:40:00+00:00,2025-09-29,1,40,0,영상의학과,1,19.0,mixed,0,normal,0.05
2025-09-29T01:40:00+00:00,2025-09-29,1,40,0,정형외과,1,22.0,mixed,0,normal,0.05
2025-09-29T01:45:00+00:00,2025-09-29,1,45,0,CT실,1,31.0,mixed,0,normal,0.05
2025-09-29T01:55:00+00:00,2025-09-29,1,55,0,영상의학과,1,17.0,mixed,0,normal,0.05
2025-09-29T02:10:00+00:00,2025-09-29,2,10,0,내과,0,0.0,mixed,0,normal,0.0
2025-09-29T02:25:00+00:00,2025-09-29,2,25,0,MRI실,1,38.0,mixed,0,normal,0.05
2025-09-29T02:30:00+00:00,2025-09-29,2,30,0,X-ray실,0,0.0,mixed,0,normal,0.0
2025-09-29T02:30:00+00:00,2025-09-29,2,30,0,진단검사의학과,0,0.0,mixed,0,normal,0.0
2025-09-29T02:35:00+00:00,2025-09-29,2,35,0,진단검사의학과,0,0.0,mixed,0,normal,0.0
2025-09-29T02:45:00+00:00,2025-09-29,2,45,0,내과,0,0.0,mixed,0,normal,0.0
2025-09-29T03:15:00+00:00,2025-09-29,3,15,0,내과,1,17.0,mixed,0,normal,0.05
2025-09-29T03:20:00+00:00,2025-09-29,3,20,0,CT실,1,13.0,mixed,0,normal,0.05
2025-09-29T03:20:00+00:00,2025-09-29,3,20,0,정형외과,0,0.0,mixed,0,normal,0.0
2025-09-29T03:25:00+00:00,2025-09-29,3,25,0,정형외과,1,10.0,mixed,0,normal,0.05
2025-09-29T03:30:00+00:00,2025-09-29,3,30,0,내과,1,17.0,mixed,0,normal,0.05
2025-09-29T03:35:00+00:00,2025-09-29,3,35,0,X-ray실,0,0.0,mixed,0,normal,0.0
2025-09-29T03:50:00+00:00,2025-09-29,3,50,0,내과,1,20.0,mixed,0,normal,0.05
2025-09-29T04:10:00+00:00,2025-09-29,4,10,0,영상의학과,0,0.0,mixed,0,normal,0.0
2025-09-29T04:25:00+00:00,2025-09-29,4,25,0,CT실,1,19.0,mixed,0,normal,0.05
2025-09-29T04:25:00+00:00,2025-09-29,4,25,0,내과,0,0.0,mixed,0,normal,0.0
2025-09-29T04:30:00+00:00,2025-09-29,4,30,0,내과,1,19.0,mixed,0,normal,0.05
2025-09-29T04:40:00+00:00,2025-09-29,4,40,0,영상의학과,0,0.0,mixed,0,normal,0.0
2025-09-29T04:55:00+00:00,2025-09-29,4,55,0,내과,1,22.0,mixed,0,normal,0.05
2025-09-29T05:10:00+00:00,2025-09-29,5,10,0,MRI실,0,0.0,mixed,0,normal,0.0
2025-09-29T05:15:00+00:00,2025-09-29,5,15,0,정형외과,1,19.0,mixed,0,normal,0.05
2025-09-29T05:45:00+00:00,2025-09-29,5,45,0,정형외과,1,22.0,mixed,0,normal,0.05
2025-09-29T05:50:00+00:00,2025-09-29,5,50,0,X-ray실,1,9.0,mixed,0,normal,0.05
2025-09-29T06:10:00+00:00,2025-09-29,6,10,0,내과,1,30.0,mixed,0,normal,0.05
2025-09-29T06:15:00+00:00,2025-09-29,6,15,0,정형외과,1,20.0,mixed,0,normal,0.05
2025-09-29T06:45:00+00:00,2025-09-29,6,45,0,심장내과,1,22.0,mixed,0,normal,0.05
2025-09-29T07:00:00+00:00,2025-09-29,7,0,0,내과,0,0.0,mixed,0,normal,0.0
2025-09-29T07:15:00+00:00,2025-09-29,7,15,0,내과,0,0.0,mixed,0,normal,0.0
2025-09-29T07:20:00+00:00,2025-09-29,7,20,0,영상의학과,0,0.0,mixed,0,normal,0.0
2025-09-29T07:30:00+00:00,2025-09-29,7,30,0,영상의학과,0,0.0,mixed,0,normal,0.0
2025-09-29T07:35:00+00:00,2025-09-29,7,35,0,내과,0,0.0,mixed,0,normal,0.0
2025-09-29T07:45:00+00:00,2025-09-29,7,45,0,X-ray실,1,6.0,mixed,0,normal,0.05
2025-09-29T07:50:00+00:00,2025-09-29,7,50,0,정형외과,1,14.0,mixed,0,normal,0.05
2025-09-29T08:20:00+00:00,2025-09-29,8,20,0,내과,1,11.0,mixed,0,normal,0.05
2025-09-29T08:30:00+00:00,2025-09-29,8,30,0,진단검사의학과,1,5.0,mixed,0,normal,0.05
2025-09-29T08:50:00+00:00,2025-09-29,8,50,0,진단검사의학과,0,0.0,mixed,0,normal,0.0
2025-09-29T08:55:00+00:00,2025-09-29,8,55,0,정형외과,0,0.0,mixed,0,normal,0.0
